driver_id,org_id,city_id,primary_store_id,fleet_team_id,driver_name,vehicle_type,employment_mode,tenure_months,rating,acceptance_rate,on_time_rate,daily_order_capacity,attendance_risk_score,active_flag
1,1,1,1,18,Jeremiah Saxena,bike,partner,9,4.06,0.89,0.9,28,0.07,true
2,1,1,1,18,Praneel Bhatnagar,bike,contract,2,4.4,0.93,0.83,29,0.04,true
3,1,1,1,18,Aarnav Aurora,bike,partner,35,4.7,0.87,0.85,23,0.18,true
4,1,1,1,18,Wakeeta Natt,bike,partner,36,4.29,0.85,0.87,32,0.19,true
5,1,1,1,18,Upadhriti Shroff,scooter,partner,1,4.44,0.93,0.81,25,0.09,true
6,1,1,1,18,Urishilla Seshadri,bike,partner,30,4.46,0.98,0.91,28,0.13,true
7,1,1,1,18,Radha Contractor,bike,partner,30,4.53,0.95,0.94,15,0.07,true
8,1,1,1,18,Advay Vora,bike,partner,28,4.4,0.91,0.9,30,0.19,true
9,1,1,1,18,Omaja Chaudhuri,bike,partner,8,4.03,0.85,0.89,29,0.06,true
10,1,1,1,18,Nathan Khurana,bike,partner,20,4.07,0.99,0.82,14,0.21,true
11,1,1,1,18,Anmol Venkatesh,bike,partner,21,4.55,0.87,0.9,23,0.22,true
12,1,1,1,18,Faris Grover,bike,partner,34,4.26,0.9,0.83,25,0.1,true
13,1,1,1,18,Farhan Shroff,bike,partner,17,4.05,0.84,0.92,17,0.1,true
14,1,1,1,18,Ojas Palla,scooter,contract,25,4.43,0.99,0.84,16,0.06,true
15,1,1,1,18,Omaja Divan,bike,partner,30,4.1,0.85,0.83,23,0.16,true
16,1,1,1,18,Aishani Kohli,bike,partner,16,4.29,0.91,0.9,15,0.22,true
17,1,1,1,18,Anita De,bike,partner,23,4.21,0.92,0.97,32,0.1,true
18,1,1,1,18,Lucky Nori,ecycle,contract,15,4.57,0.85,0.78,30,0.11,true
19,1,1,1,18,Logan Mishra,bike,partner,31,4.28,0.84,0.95,29,0.14,true
20,1,1,1,18,Vansha Agarwal,bike,partner,32,4.39,0.9,0.8,31,0.04,true
21,1,1,1,18,Umang Peri,scooter,partner,35,4.34,0.92,0.8,24,0.18,true
22,1,1,1,18,Henry Saxena,bike,partner,1,4.35,0.86,0.83,15,0.21,true
23,1,1,1,18,Liam Padmanabhan,bike,partner,20,4.35,0.92,0.79,17,0.1,true
24,1,1,1,18,Ekiya Sahni,bike,partner,24,4.24,0.93,0.91,15,0.05,true
25,1,1,2,21,Ojas More,bike,contract,25,4.5,0.86,0.79,32,0.03,true
26,1,1,2,21,Rachit Arya,scooter,contract,23,4.4,0.92,0.85,24,0.1,true
27,1,1,2,21,Caleb Deshpande,bike,partner,27,4.47,0.98,0.87,14,0.16,true
28,1,1,2,21,Aadi Salvi,scooter,partner,3,4.13,0.89,0.92,22,0.17,true
29,1,1,2,21,Gopal Ravel,bike,partner,12,4.76,0.77,0.77,31,0.11,true
30,1,1,2,21,Amara Desai,bike,partner,20,4.18,0.97,0.9,32,0.18,true
31,1,1,2,21,Rohan Arya,bike,full_time,35,4.42,0.99,0.96,24,0.07,true
32,1,1,2,21,David Behl,ecycle,partner,4,4.41,0.9,0.89,27,0.14,true
33,1,1,2,21,Vedant Ganguly,bike,contract,11,4.34,0.97,0.89,18,0.04,true
34,1,1,2,21,Gayathri Keer,bike,partner,26,4.42,0.89,0.83,18,0.08,true
35,1,1,2,21,Fiyaz Dewan,bike,full_time,1,4.4,0.93,0.86,17,0.06,true
36,1,1,2,21,Vasatika Das,bike,partner,21,4.55,0.96,0.98,29,0.18,true
37,1,1,2,21,Amruta Vora,ecycle,partner,20,4.37,0.91,0.93,14,0.16,true
38,1,1,2,21,Garima Sagar,bike,contract,21,4.28,0.93,0.9,18,0.14,true
39,1,1,2,21,Gayathri Sundaram,bike,contract,4,4.64,0.85,0.89,16,0.05,true
40,1,1,2,21,Avni Naidu,bike,partner,35,4.12,0.87,0.88,22,0.21,true
41,1,1,2,21,Siddharth Bhasin,bike,partner,33,4.4,0.86,0.78,29,0.11,true
42,1,1,2,21,Faraj Mani,bike,partner,21,4.51,0.84,0.79,26,0.06,true
43,1,1,2,21,Jagvi Wagle,bike,full_time,8,4.62,0.89,0.7,28,0.12,true
44,1,1,2,21,Reyansh Misra,bike,partner,6,4.47,0.82,0.95,14,0.15,true
45,1,1,2,21,Vedant Bala,bike,partner,33,4.28,0.87,0.85,21,0.16,true
46,1,1,2,21,Vasana Trivedi,bike,partner,10,4.47,0.85,0.89,21,0.2,true
47,1,1,2,21,Akshay Mahal,bike,partner,7,4.06,0.94,0.84,20,0.2,true
48,1,1,2,21,Janani Mahal,bike,partner,1,4.19,0.9,0.92,30,0.19,true
49,1,1,2,21,Eesha Gour,bike,contract,5,4.56,0.88,0.85,31,0.07,true
50,1,1,2,21,Zayan Dash,bike,partner,33,4.44,0.86,0.87,24,0.05,true
51,1,1,2,21,Indira Lad,bike,partner,8,4.41,0.97,0.76,20,0.13,true
52,1,1,2,21,Chaman Jain,ecycle,partner,5,4.37,0.85,0.84,14,0.12,true
53,1,1,2,21,Vritti Sood,bike,partner,8,4.2,0.93,0.87,32,0.06,true
54,1,1,2,21,Baljiwan Deshmukh,scooter,partner,23,4.69,0.93,0.81,22,0.11,true
55,1,1,2,21,Jhalak Sodhi,bike,partner,31,4.34,0.9,0.9,27,0.03,true
56,1,1,3,24,Janani Shukla,bike,partner,16,3.88,0.99,0.91,17,0.07,true
57,1,1,3,24,Yuvraj Ratta,bike,partner,15,4.3,0.89,0.89,18,0.03,true
58,1,1,3,24,Bahadurjit Mody,scooter,partner,4,4.4,0.93,0.84,16,0.06,true
59,1,1,3,24,Tamanna Arora,bike,partner,35,4.43,0.94,0.83,32,0.13,true
60,1,1,3,24,Vasatika Chowdhury,bike,partner,28,4.49,0.85,0.84,18,0.12,true
61,1,1,3,24,Abhiram Kata,bike,partner,30,4.2,0.91,0.83,23,0.05,true
62,1,1,3,24,Shivani Patla,bike,partner,7,4.26,0.91,0.9,26,0.19,true
63,1,1,3,24,Anthony Dada,bike,partner,12,4.43,0.92,0.91,18,0.12,true
64,1,1,3,24,Sneha Rana,bike,partner,18,4.38,0.85,0.89,17,0.21,true
65,1,1,3,24,Lakshmi Kapadia,bike,contract,12,4.52,0.92,0.87,28,0.06,true
66,1,1,3,24,Ati Panchal,bike,partner,28,4.51,0.93,0.86,28,0.06,true
67,1,1,3,24,Alka Dasgupta,ecycle,full_time,16,4.46,0.93,0.88,31,0.11,true
68,1,1,3,24,Nitesh Gade,bike,partner,6,4.05,0.83,0.88,32,0.04,true
69,1,1,3,24,Qabil Dugar,bike,partner,10,4.43,0.93,0.91,23,0.19,true
70,1,1,3,24,Maanav Gour,scooter,partner,36,4.5,0.97,0.77,27,0.18,true
71,1,1,3,24,Ubika Chauhan,bike,partner,20,4.38,0.91,0.91,31,0.08,true
72,1,1,3,24,Omisha Bawa,bike,partner,4,4.3,0.9,0.85,15,0.05,true
73,1,1,3,24,Upkaar Randhawa,bike,partner,27,4.52,0.88,0.9,26,0.04,true
74,1,1,3,24,Dhriti Bhargava,bike,partner,2,4.01,0.89,0.89,26,0.17,true
75,1,1,3,24,Azaan Mand,scooter,partner,35,4.43,0.9,0.93,19,0.15,true
76,1,1,3,24,Upkaar Chaudhari,scooter,partner,34,4.33,0.99,0.94,26,0.06,true
77,1,1,3,24,Wahab Chaudhary,scooter,partner,18,4.24,0.92,0.88,30,0.21,true
78,1,1,3,24,Hiral Narain,bike,partner,25,4.38,0.96,0.86,16,0.18,true
79,1,1,3,24,Pooja Zacharia,bike,partner,22,3.92,0.95,0.88,19,0.17,true
80,1,1,3,24,Ekalinga Dutta,bike,contract,34,4.38,0.89,0.84,20,0.05,true
81,1,1,3,24,Ladli Kapoor,bike,partner,13,4.17,0.8,0.86,31,0.12,true
82,1,1,3,24,Raagini Mammen,bike,partner,3,4.5,0.99,0.94,26,0.05,true
83,1,1,4,27,Pushti Wali,bike,partner,11,4.19,0.9,0.82,20,0.2,true
84,1,1,4,27,Henry Baria,bike,partner,30,4.52,0.9,0.83,30,0.17,true
85,1,1,4,27,Siddharth Sani,bike,partner,36,4.21,0.96,0.86,19,0.03,true
86,1,1,4,27,Ishaan Soman,bike,contract,1,4.35,0.85,0.77,21,0.07,true
87,1,1,4,27,Kritika Padmanabhan,ecycle,partner,1,4.33,0.99,0.8,22,0.2,true
88,1,1,4,27,Yadavi Raj,bike,contract,18,4.39,0.91,0.81,25,0.07,true
89,1,1,4,27,Udarsh Kota,bike,partner,12,4.19,0.96,0.78,22,0.19,true
90,1,1,4,27,Yochana Doshi,bike,partner,28,4.06,0.87,0.91,31,0.05,true
91,1,1,4,27,Quincy Bhatt,bike,partner,16,4.29,0.8,0.93,27,0.07,true
92,1,1,4,27,Ekaraj Oak,bike,partner,34,4.37,0.88,0.8,17,0.13,true
93,1,1,4,27,Max Balan,bike,partner,17,4.23,0.96,0.97,27,0.18,true
94,1,1,4,27,Max Ravi,bike,partner,13,4.31,0.99,0.91,18,0.19,true
95,1,1,4,27,Bachittar Dixit,bike,partner,27,4.15,0.96,0.84,32,0.18,true
96,1,1,4,27,Yauvani Rajagopal,bike,partner,7,4.22,0.88,0.92,27,0.11,true
97,1,1,4,27,Viraj Bhat,bike,partner,4,4.15,0.93,0.87,23,0.21,true
98,1,1,4,27,Qarin Raghavan,bike,partner,3,4.53,0.92,0.84,23,0.09,true
99,1,1,4,27,Darsh Dewan,bike,partner,25,4.7,0.82,0.81,16,0.17,true
100,1,1,4,27,Divya Jhaveri,bike,partner,2,4.43,0.93,0.78,19,0.07,true
101,1,1,4,27,Ishani Raghavan,bike,partner,26,3.96,0.93,0.88,23,0.17,true
102,1,1,4,27,Qushi Dubey,bike,partner,34,4.37,0.78,0.92,18,0.04,true
103,1,1,4,27,Omisha Venkataraman,bike,partner,11,4.16,0.97,0.98,19,0.12,true
104,1,1,4,27,Ayushman Apte,bike,partner,15,4.46,0.95,0.89,19,0.06,true
105,1,1,4,27,Shaurya Shankar,bike,partner,22,4.3,0.88,0.84,14,0.19,true
106,1,1,4,27,Qasim Basak,bike,partner,31,4.42,0.83,0.88,23,0.2,true
107,1,1,4,27,Anamika Hayre,bike,partner,22,4.33,0.95,0.83,20,0.14,true
108,1,1,4,27,Odika Walla,bike,partner,3,4.36,0.91,0.82,22,0.05,true
109,1,1,4,27,Hemal Din,scooter,partner,11,4.42,0.92,0.84,22,0.17,true
110,1,1,4,27,Agastya Bumb,scooter,partner,36,4.48,0.94,0.86,17,0.21,true
111,1,1,4,27,Yachana Badal,bike,partner,25,4.35,0.96,0.9,24,0.07,true
112,1,1,4,27,Darpan Sarkar,bike,partner,16,4.37,0.86,0.98,19,0.19,true
113,1,1,4,27,Balendra Nair,scooter,partner,34,4.18,0.99,0.93,22,0.17,true
114,1,1,5,30,Fariq Ratta,bike,contract,3,4.62,0.87,0.88,17,0.06,true
115,1,1,5,30,Widisha Narayan,bike,partner,22,4.48,0.95,0.92,32,0.21,true
116,1,1,5,30,Lakshmi Gaba,bike,contract,33,4.49,0.87,0.8,21,0.09,true
117,1,1,5,30,Vaishnavi Seth,bike,partner,2,4.01,0.84,0.9,17,0.13,true
118,1,1,5,30,Xalak Deep,ecycle,partner,11,4.29,0.79,0.89,16,0.05,true
119,1,1,5,30,Agastya Pandit,bike,partner,11,4.41,0.92,0.91,29,0.06,true
120,1,1,5,30,Harsh Dara,bike,partner,34,4.11,0.96,0.96,15,0.12,true
121,1,1,5,30,Hredhaan Khanna,bike,partner,2,4.4,0.9,0.91,16,0.1,true
122,1,1,5,30,Patrick Loke,bike,partner,3,4.21,0.91,0.86,27,0.15,true
123,1,1,5,30,Anay Dubey,bike,partner,25,4.25,0.89,0.92,29,0.2,true
124,1,1,5,30,Upma Natarajan,bike,partner,14,4.67,0.9,0.82,16,0.13,true
125,1,1,5,30,Isaac Gokhale,bike,partner,33,4.18,0.86,0.9,22,0.17,true
126,1,1,5,30,Varenya Munshi,bike,full_time,22,4.78,0.91,0.86,22,0.08,true
127,1,1,5,30,Indrajit Krish,bike,partner,25,4.21,0.87,0.89,28,0.2,true
128,1,1,5,30,Ati Bhargava,bike,contract,19,4.48,0.96,0.87,28,0.07,true
129,1,1,5,30,Abhimanyu Naidu,bike,contract,36,4.52,0.83,0.8,28,0.1,true
130,1,1,5,30,Xalak Gandhi,bike,contract,5,4.43,0.9,0.94,29,0.05,true
131,1,1,5,30,Oliver Bajaj,bike,partner,12,4.15,0.99,0.75,25,0.06,true
132,1,1,5,30,Abhiram Yadav,bike,partner,28,4.17,0.93,0.88,19,0.16,true
133,1,1,5,30,Bhavini Sarkar,bike,partner,27,4.19,0.85,0.88,22,0.05,true
134,1,1,5,30,Zinal Konda,bike,partner,13,4.41,0.87,0.83,14,0.11,true
135,1,1,5,30,Dhruv Sehgal,ecycle,partner,19,4.47,0.91,0.76,22,0.21,true
136,1,1,6,33,Nisha Kurian,bike,partner,22,4.6,0.97,0.84,14,0.07,true
137,1,1,6,33,Hiral Buch,bike,partner,3,4.42,0.94,0.79,24,0.13,true
138,1,1,6,33,Aryan Kaul,bike,partner,22,4.16,0.91,0.91,32,0.06,true
139,1,1,6,33,Ekapad Mani,bike,partner,35,4.37,0.86,0.98,14,0.22,true
140,1,1,6,33,Baljiwan Desai,bike,partner,9,4.54,0.94,0.86,17,0.12,true
141,1,1,6,33,Tara Sagar,bike,full_time,6,4.62,0.91,0.81,24,0.08,true
142,1,1,6,33,Abdul Buch,bike,partner,9,3.95,0.91,0.82,24,0.15,true
143,1,1,6,33,Gagan Prabhu,scooter,contract,30,4.62,0.97,0.94,15,0.07,true
144,1,1,6,33,Januja Lal,bike,contract,20,4.26,0.9,0.85,30,0.07,true
145,1,1,6,33,Ekaraj Jhaveri,bike,partner,24,4.21,0.91,0.98,23,0.17,true
146,1,1,6,33,Mohammed Sachdeva,bike,partner,10,4.31,0.96,0.88,23,0.07,true
147,1,1,6,33,Aarav Gade,bike,partner,27,4.5,0.92,0.87,16,0.05,true
148,1,1,6,33,Radhika Korpal,ecycle,partner,21,4.53,0.85,0.85,27,0.1,true
149,1,1,6,33,Jyoti Chauhan,bike,partner,6,4.06,0.94,0.81,28,0.21,true
150,1,1,6,33,Brijesh Modi,bike,partner,1,4.57,0.94,0.84,20,0.04,true
151,1,1,6,33,Zayan Raj,bike,partner,28,4.47,0.95,0.9,27,0.17,true
152,1,1,6,33,Dalaja Nagy,bike,partner,11,4.55,0.88,0.84,24,0.13,true
153,1,1,6,33,Divya Master,bike,partner,30,4.46,0.96,0.79,28,0.17,true
154,1,1,6,33,Mugdha Khanna,bike,partner,30,4.4,0.85,0.86,14,0.17,true
155,1,1,6,33,Sanaya Handa,bike,partner,24,4.62,0.94,0.83,22,0.11,true
156,1,1,6,33,Ekansh Chandran,bike,partner,25,4.73,0.91,0.89,32,0.14,true
157,1,1,7,36,Daksha Rastogi,bike,partner,11,4.48,0.95,0.85,32,0.11,true
158,1,1,7,36,Krishna Halder,bike,partner,2,4.46,0.89,0.95,32,0.2,true
159,1,1,7,36,Kritika Kothari,bike,partner,1,4.17,0.95,0.87,16,0.2,true
160,1,1,7,36,Onkar Sha,bike,partner,23,4.8,0.9,0.85,23,0.06,true
161,1,1,7,36,Adweta Mani,bike,partner,15,4.57,0.96,0.82,17,0.2,true
162,1,1,7,36,Ikshita Iyer,bike,partner,36,4.39,0.94,0.92,17,0.05,true
163,1,1,7,36,Ucchal Balasubramanian,bike,partner,12,4.27,0.91,0.93,23,0.06,true
164,1,1,7,36,Lopa Pant,bike,partner,16,4.47,0.91,0.89,28,0.21,true
165,1,1,7,36,Madhavi Solanki,bike,partner,7,4.27,0.87,0.89,15,0.18,true
166,1,1,7,36,Hemang Madan,bike,partner,15,4.32,0.97,0.87,15,0.19,true
167,1,1,7,36,Anika Kala,bike,partner,28,4.2,0.92,0.93,28,0.17,true
168,1,1,7,36,Nilima Memon,bike,partner,34,4.21,0.94,0.84,31,0.16,true
169,1,1,7,36,Gauri Handa,bike,contract,14,4.48,0.91,0.91,25,0.11,true
170,1,1,7,36,Darika Karpe,bike,partner,15,4.13,0.9,0.86,30,0.09,true
171,1,1,7,36,Nisha Narasimhan,bike,contract,36,4.45,0.87,0.8,31,0.05,true
172,1,1,7,36,Bachittar Gole,bike,partner,32,4.42,0.93,0.89,19,0.09,true
173,1,1,7,36,Lavanya Datta,bike,partner,11,4.53,0.89,0.89,15,0.08,true
174,1,1,7,36,Advay Dhawan,bike,partner,35,4.6,0.95,0.85,18,0.08,true
175,1,1,7,36,Leena Garg,bike,partner,1,4.39,0.9,0.74,27,0.03,true
176,1,1,7,36,Prisha Ahuja,bike,partner,23,4.44,0.91,0.88,17,0.13,true
177,1,1,7,36,Dalaja Bains,bike,partner,21,4.61,0.94,0.87,24,0.17,true
178,1,1,7,36,Faraj Tak,bike,partner,36,4.21,0.91,0.92,23,0.08,true
179,1,2,8,39,Harshil Luthra,bike,partner,18,4.58,0.9,0.88,20,0.19,true
180,1,2,8,39,Vaishnavi Sane,bike,partner,35,4.26,0.89,0.83,23,0.06,true
181,1,2,8,39,Urishilla Gopal,bike,contract,4,4.47,0.84,0.84,32,0.09,true
182,1,2,8,39,Finn Chand,bike,partner,20,4.32,0.99,0.84,24,0.09,true
183,1,2,8,39,Yagnesh Bali,bike,partner,11,4.55,0.91,0.81,31,0.04,true
184,1,2,8,39,Yug Tiwari,bike,contract,13,4.59,0.8,0.97,31,0.07,true
185,1,2,8,39,Qabil Ramesh,bike,partner,19,4.44,0.86,0.93,16,0.06,true
186,1,2,8,39,Gopal Dave,bike,partner,36,4.12,0.88,0.94,17,0.2,true
187,1,2,8,39,Reyansh Vasa,bike,partner,35,4.47,0.88,0.91,25,0.08,true
188,1,2,8,39,Vasudha Raman,bike,partner,12,4.53,0.88,0.85,20,0.07,true
189,1,2,8,39,Gunbir Ramesh,scooter,contract,15,4.44,0.96,0.95,30,0.11,true
190,1,2,8,39,Advika Karan,bike,partner,5,4.27,0.9,0.97,25,0.21,true
191,1,2,8,39,Urvi Ratti,bike,partner,20,4.4,0.86,0.86,25,0.22,true
192,1,2,8,39,Bhavna Hari,bike,partner,13,4.39,0.9,0.82,14,0.08,true
193,1,2,8,39,Darika Pall,bike,partner,9,4.17,0.97,0.86,24,0.21,true
194,1,2,8,39,Ekta Kashyap,bike,partner,20,4.41,0.95,0.93,21,0.21,true
195,1,2,8,39,Hema Walla,bike,contract,29,4.57,0.9,0.87,32,0.03,true
196,1,2,8,39,Michael Ravi,bike,partner,9,4.4,0.9,0.94,14,0.15,true
197,1,2,8,39,Samarth Apte,bike,partner,36,4.37,0.92,0.88,24,0.11,true
198,1,2,8,39,Laksh Sahni,bike,partner,25,4.22,0.89,0.95,27,0.06,true
199,1,2,9,42,Oscar Arora,bike,partner,32,4.35,0.88,0.83,31,0.12,true
200,1,2,9,42,Harsh Handa,bike,partner,10,4.31,0.9,0.79,25,0.15,true
201,1,2,9,42,Dayita Devan,bike,partner,33,4.44,0.87,0.87,15,0.08,true
202,1,2,9,42,Logan Ramachandran,scooter,partner,25,4.38,0.85,0.92,22,0.06,true
203,1,2,9,42,Anya Yogi,bike,partner,33,4.29,0.97,0.85,28,0.08,true
204,1,2,9,42,Alka Gole,bike,partner,1,4.38,0.97,0.86,21,0.07,true
205,1,2,9,42,Rachit Shankar,bike,partner,20,4.13,0.89,0.85,25,0.2,true
206,1,2,9,42,Turvi Batra,bike,partner,27,4.07,0.96,0.85,28,0.07,true
207,1,2,9,42,Tanay Bawa,bike,partner,21,4.23,0.92,0.85,16,0.2,true
208,1,2,9,42,Rayaan Mahal,bike,partner,22,4.34,0.97,0.78,26,0.12,true
209,1,2,9,42,Devansh Sundaram,bike,partner,1,4.14,0.98,0.85,15,0.21,true
210,1,2,9,42,Ishani Kuruvilla,bike,partner,4,4.05,0.99,0.88,24,0.06,true
211,1,2,9,42,Orinder Venkataraman,scooter,partner,32,4.38,0.88,0.98,24,0.05,true
212,1,2,9,42,Praneel Singhal,bike,partner,2,4.48,0.87,0.86,17,0.14,true
213,1,2,9,42,Diya Bir,bike,partner,8,4.29,0.99,0.98,27,0.2,true
214,1,2,9,42,Sudiksha Mittal,bike,partner,9,4.4,0.97,0.77,20,0.03,true
215,1,2,9,42,Devika Tara,bike,partner,14,4.35,0.87,0.84,30,0.15,true
216,1,2,9,42,Hema Uppal,bike,partner,8,4.54,0.92,0.76,14,0.19,true
217,1,2,9,42,Karan Brar,bike,contract,27,4.32,0.95,0.96,25,0.03,true
218,1,2,9,42,Rayaan Sagar,bike,partner,36,4.51,0.94,0.84,27,0.12,true
219,1,2,9,42,Balendra Gopal,ecycle,partner,10,4.11,0.83,0.9,20,0.14,true
220,1,2,9,42,Manbir Munshi,bike,partner,34,4.4,0.99,0.88,21,0.03,true
221,1,2,9,42,Yashoda Gala,bike,partner,32,4.38,0.84,0.91,15,0.1,true
222,1,2,9,42,Dalaja Tak,bike,partner,15,4.38,0.93,0.96,26,0.14,true
223,1,2,9,42,Yochana Prabhakar,bike,partner,23,4.11,0.87,0.81,30,0.17,true
224,1,2,9,42,Udarsh Manne,scooter,partner,17,4.2,0.99,0.84,27,0.04,true
225,1,2,9,42,Anmol Dash,bike,partner,31,4.19,0.83,0.92,21,0.06,true
226,1,2,9,42,Tamanna Gola,bike,full_time,26,4.44,0.89,0.79,20,0.04,true
227,1,2,10,45,Saanvi Mangat,bike,partner,26,4.02,0.94,0.95,26,0.07,true
228,1,2,10,45,Kavya Ahluwalia,bike,partner,7,4.36,0.93,0.91,27,0.14,true
229,1,2,10,45,Jason Mangat,bike,partner,8,4.16,0.99,0.9,16,0.17,true
230,1,2,10,45,Tanveer Anand,bike,partner,8,4.38,0.91,0.83,25,0.14,true
231,1,2,10,45,Jasmit Malhotra,bike,partner,9,4.35,0.93,0.89,23,0.03,true
232,1,2,10,45,Xavier Yadav,bike,partner,1,4.22,0.99,0.85,18,0.19,true
233,1,2,10,45,Zehaan Walla,bike,partner,19,4.23,0.93,0.8,14,0.06,true
234,1,2,10,45,Aryan Luthra,bike,partner,30,4.18,0.98,0.9,24,0.05,true
235,1,2,10,45,Nakul Mishra,bike,partner,29,4.34,0.87,0.91,31,0.07,true
236,1,2,10,45,Advaith Sahota,scooter,partner,29,4.09,0.92,0.96,23,0.17,true
237,1,2,10,45,Pranav Sarin,bike,partner,28,4.08,0.91,0.82,23,0.14,true
238,1,2,10,45,Udarsh Dani,bike,partner,26,4.17,0.88,0.83,23,0.12,true
239,1,2,10,45,Ladli Srinivas,bike,partner,24,4.44,0.9,0.9,17,0.19,true
240,1,2,10,45,Brinda Tata,bike,partner,12,4.47,0.97,0.94,19,0.07,true
241,1,2,10,45,Januja Singhal,bike,partner,1,4.45,0.97,0.84,20,0.12,true
242,1,2,10,45,Azad Yohannan,bike,partner,35,4.68,0.92,0.91,23,0.19,true
243,1,2,10,45,Vinaya Krish,bike,partner,2,4.22,0.85,0.81,32,0.08,true
244,1,2,10,45,Geetika Sane,bike,partner,26,4.03,0.95,0.84,29,0.19,true
245,1,2,10,45,Nitesh Dhaliwal,bike,full_time,22,4.58,0.88,0.98,23,0.1,true
246,1,2,10,45,Mitesh Mani,bike,partner,14,4.86,0.88,0.81,19,0.21,true
247,1,2,10,45,Idika Vohra,bike,partner,6,4.29,0.95,0.83,14,0.16,true
248,1,2,10,45,Hardik Jani,bike,partner,23,4.14,0.93,0.81,29,0.16,true
249,1,2,10,45,Teerth Doshi,bike,partner,4,4.13,0.88,0.87,30,0.19,true
250,1,2,10,45,Watika Chauhan,bike,partner,30,4.24,0.95,0.97,17,0.21,true
251,1,2,10,45,Samarth Divan,bike,partner,25,4.6,0.95,0.94,22,0.2,true
252,1,2,10,45,Rachana Ravi,scooter,partner,33,4.25,0.95,0.92,32,0.09,true
253,1,2,10,45,Ishita Ramachandran,bike,partner,16,4.48,0.89,0.95,23,0.15,true
254,1,2,10,45,Parth Bansal,bike,contract,6,4.55,0.92,0.94,14,0.09,true
255,1,2,10,45,Thomas Chadha,bike,partner,32,4.09,0.93,0.85,25,0.2,true
256,1,2,10,45,Udyati Koshy,bike,partner,7,4.35,0.98,0.88,19,0.19,true
257,1,2,10,45,Tejas Ganesh,bike,partner,30,4.45,0.99,0.85,18,0.19,true
258,1,2,10,45,Vincent Amble,bike,partner,17,4.52,0.81,0.76,15,0.19,true
259,1,2,10,45,Sai Butala,bike,partner,5,4.76,0.97,0.92,31,0.17,true
260,1,2,10,45,Aachal Goda,bike,full_time,9,4.48,0.91,0.9,24,0.07,true
261,1,2,10,45,Lucky Mohanty,bike,contract,10,4.63,0.98,0.87,28,0.07,true
262,1,2,10,45,Reva Hari,bike,partner,30,4.3,0.88,0.87,14,0.2,true
263,1,2,10,45,Jeremiah Purohit,bike,partner,23,4.5,0.87,0.96,29,0.05,true
264,1,2,10,45,Mitesh Sandal,bike,contract,29,4.48,0.93,0.76,31,0.03,true
265,1,2,10,45,Urvi Mann,bike,contract,34,4.37,0.92,0.9,15,0.05,true
266,1,2,10,45,Janani Golla,scooter,contract,14,4.51,0.87,0.85,25,0.1,true
267,1,2,10,45,Nathaniel Saini,bike,partner,18,4.52,0.88,0.83,30,0.07,true
268,1,2,10,45,Warjas Merchant,bike,partner,2,4.18,0.92,0.85,29,0.1,true
269,1,2,10,45,Bhavna Sagar,bike,partner,16,4.25,0.84,0.85,23,0.12,true
270,1,2,10,45,Devansh Johal,bike,partner,31,4.15,0.87,0.79,32,0.19,true
271,1,2,10,45,Diya Bhatt,bike,partner,34,4.39,0.87,0.93,20,0.16,true
272,1,2,10,45,Yauvani Subramaniam,bike,partner,7,4.23,0.83,0.96,17,0.18,true
273,1,2,11,48,Girish Nadig,bike,contract,19,4.29,0.89,0.81,18,0.11,true
274,1,2,11,48,Pranit Raghavan,bike,partner,8,4.39,0.9,0.84,29,0.2,true
275,1,2,11,48,Falguni Koshy,bike,contract,30,4.34,0.88,0.88,19,0.03,true
276,1,2,11,48,Sathvik Zachariah,bike,partner,34,4.52,0.99,0.85,26,0.16,true
277,1,2,11,48,Luke Kalita,bike,partner,2,4.33,0.97,0.91,31,0.09,true
278,1,2,11,48,Reva Ghose,bike,contract,26,4.28,0.86,0.87,29,0.11,true
279,1,2,11,48,Rishi Chopra,bike,partner,34,4.53,0.93,0.89,29,0.12,true
280,1,2,11,48,Chaitaly Pillay,bike,partner,14,4.09,0.97,0.96,19,0.07,true
281,1,2,11,48,Aarush Ram,bike,partner,25,4.18,0.83,0.83,27,0.14,true
282,1,2,11,48,Ekavir Toor,bike,partner,1,4.36,0.91,0.8,29,0.08,true
283,1,2,11,48,Avni Vaidya,bike,contract,10,4.59,0.98,0.97,17,0.12,true
284,1,2,11,48,Jatin Deol,bike,contract,15,4.51,0.96,0.98,22,0.05,true
285,1,2,11,48,Rajeshri Ray,scooter,contract,16,4.31,0.99,0.91,28,0.1,true
286,1,2,11,48,Ranbir Borah,scooter,partner,25,4.18,0.87,0.87,30,0.21,true
287,1,2,11,48,Chatura Mishra,bike,partner,34,4.31,0.89,0.89,16,0.18,true
288,1,2,11,48,Aradhana Atwal,bike,contract,25,4.39,0.99,0.9,14,0.12,true
289,1,2,11,48,Anusha Bansal,bike,partner,34,4.45,0.85,0.89,14,0.13,true
290,1,2,11,48,Amruta Mangat,bike,partner,7,4.41,0.93,0.85,16,0.17,true
291,1,2,11,48,Udarsh Oza,bike,contract,8,4.5,0.91,0.89,28,0.14,true
292,1,2,12,51,Chanchal Narasimhan,bike,partner,25,4.51,0.9,0.8,32,0.21,true
293,1,2,12,51,Hemal Saini,bike,partner,15,4.3,0.99,0.81,28,0.12,true
294,1,2,12,51,Kavya Kohli,bike,contract,9,4.51,0.91,0.87,14,0.05,true
295,1,2,12,51,Yasti D’Alia,bike,partner,19,4.53,0.87,0.86,14,0.13,true
296,1,2,12,51,Anita Som,bike,partner,17,4.29,0.93,0.85,19,0.16,true
297,1,2,12,51,Aarush Kota,scooter,partner,27,4.25,0.86,0.98,22,0.13,true
298,1,2,12,51,Krish Vasa,bike,contract,11,4.62,0.91,0.83,22,0.04,true
299,1,2,12,51,Yash Chaudhari,bike,partner,5,4.09,0.91,0.89,30,0.04,true
300,1,2,12,51,Guneet Krishnamurthy,bike,partner,28,4.22,0.91,0.82,19,0.13,true
301,1,2,12,51,Shivansh Menon,bike,full_time,35,4.4,0.84,0.83,16,0.1,true
302,1,2,12,51,Yashasvi Kamdar,bike,full_time,18,4.13,0.88,0.85,16,0.05,true
303,1,2,12,51,Jonathan Kapadia,scooter,partner,33,4.38,0.92,0.9,19,0.04,true
304,1,2,12,51,Ekaja Kalla,bike,contract,17,4.51,0.91,0.93,19,0.06,true
305,1,2,12,51,Alexander Dar,bike,partner,19,4.56,0.92,0.82,29,0.12,true
306,1,2,12,51,Edhitha Toor,bike,partner,30,4.26,0.97,0.91,18,0.04,true
307,1,2,12,51,Sneha Bajaj,bike,partner,32,4.07,0.85,0.89,31,0.06,true
308,1,2,12,51,Tripti Chaudhari,bike,partner,26,4.25,0.92,0.83,24,0.08,true
309,1,2,12,51,Abdul Pant,bike,partner,14,4.34,0.89,0.79,26,0.07,true
310,1,2,12,51,Dayita Sangha,bike,partner,16,4.15,0.9,0.94,22,0.08,true
311,1,2,12,51,Tarak Sharaf,bike,partner,35,4.44,0.99,0.86,17,0.07,true
312,1,2,12,51,Rohan Gour,bike,partner,8,4.18,0.99,0.74,27,0.06,true
313,1,2,12,51,Ekanta Narain,ecycle,partner,28,3.8,0.9,0.75,30,0.17,true
314,1,2,12,51,Yatin Chawla,bike,partner,10,4.4,0.94,0.79,21,0.2,true
315,1,2,12,51,Simon Rege,bike,partner,28,4.06,0.92,0.91,23,0.19,true
316,1,2,12,51,Frado Jain,bike,partner,3,4.34,0.85,0.86,18,0.15,true
317,1,2,12,51,Waida Doctor,bike,partner,7,4.2,0.92,0.8,27,0.12,true
318,1,2,13,54,Adweta Mishra,bike,full_time,28,4.69,0.89,0.91,28,0.11,true
319,1,2,13,54,Nicholas Khanna,bike,contract,4,4.25,0.9,0.82,18,0.04,true
320,1,2,13,54,Rishi Zachariah,bike,partner,4,4.35,0.97,0.98,23,0.17,true
321,1,2,13,54,Pushti Roy,bike,partner,27,4.4,0.9,0.85,22,0.12,true
322,1,2,13,54,Arya Contractor,bike,partner,15,4.25,0.92,0.98,30,0.17,true
323,1,2,13,54,Darsh Rattan,bike,partner,22,4.42,0.93,0.93,22,0.18,true
324,1,2,13,54,Reva Baria,bike,partner,32,4.14,0.99,0.84,21,0.06,true
325,1,2,13,54,Zayan Jaggi,bike,partner,35,4.43,0.89,0.89,25,0.09,true
326,1,2,13,54,Isaac Bal,scooter,partner,7,4.59,0.84,0.75,16,0.16,true
327,1,2,13,54,Falak Agarwal,bike,partner,23,3.91,0.96,0.98,17,0.05,true
328,1,2,13,54,Ekanta Maharaj,bike,partner,16,4.25,0.74,0.75,25,0.08,true
329,1,2,13,54,Yashasvi Kant,bike,contract,26,4.39,0.96,0.83,24,0.08,true
330,1,2,13,54,Odika Ghosh,bike,contract,28,4.23,0.8,0.81,27,0.14,true
331,1,2,13,54,Sanaya Padmanabhan,bike,partner,5,3.91,0.77,0.83,27,0.13,true
332,1,2,13,54,Yash Nagi,bike,partner,1,4.64,0.89,0.87,14,0.17,true
333,1,2,13,54,Ryan Srinivas,bike,full_time,22,4.39,0.93,0.93,21,0.03,true
334,1,2,13,54,Chatresh Anand,bike,partner,29,4.25,0.92,0.82,24,0.16,true
335,1,2,13,54,Sneha Verma,bike,partner,22,4.41,0.99,0.88,28,0.09,true
336,1,2,13,54,Ryan Chauhan,scooter,partner,7,4.46,0.88,0.81,23,0.17,true
337,1,2,13,54,Vedant Pradhan,bike,partner,19,4.32,0.94,0.79,27,0.18,true
338,1,2,13,54,Raagini Das,bike,full_time,30,4.76,0.88,0.9,15,0.13,true
339,1,2,13,54,Isaac Shanker,bike,partner,12,4.11,0.9,0.83,18,0.1,true
340,1,2,13,54,Chaitanya Peri,bike,partner,1,3.87,0.86,0.92,19,0.07,true
341,1,2,13,54,Chatresh Sen,bike,partner,17,4.61,0.95,0.72,27,0.16,true
342,1,2,13,54,Unni Sawhney,bike,contract,30,4.66,0.97,0.88,24,0.13,true
343,1,2,13,54,Anita Bali,bike,partner,23,4.43,0.89,0.88,14,0.14,true
344,1,2,13,54,Wakeeta Sharma,bike,partner,11,4.6,0.91,0.88,16,0.18,true
345,1,2,14,57,Ojas Ghose,bike,partner,13,4.15,0.94,0.87,21,0.21,true
346,1,2,14,57,Anmol Peri,bike,partner,18,3.92,0.95,0.83,30,0.15,true
347,1,2,14,57,Udant Lad,ecycle,partner,24,4.87,0.89,0.98,16,0.21,true
348,1,2,14,57,Vansha Ahuja,bike,partner,8,4.1,0.9,0.94,27,0.07,true
349,1,2,14,57,Aadi Hora,scooter,partner,33,4.31,0.99,0.92,28,0.07,true
350,1,2,14,57,Chavvi Om,bike,partner,1,4.26,0.91,0.86,26,0.05,true
351,1,2,14,57,Pranav Guha,bike,partner,14,4.37,0.91,0.89,21,0.12,true
352,1,2,14,57,Geetika De,bike,partner,24,4.16,0.84,0.88,20,0.08,true
353,1,2,14,57,Aayush Warrior,bike,partner,15,4.33,0.94,0.95,22,0.16,true
354,1,2,14,57,Gunbir Vala,bike,partner,3,4.27,0.89,0.87,19,0.2,true
355,1,2,14,57,Ekantika Bhatti,bike,full_time,20,4.57,0.9,0.82,19,0.08,true
356,1,2,14,57,Vamakshi Brahmbhatt,bike,partner,4,4.47,0.88,0.93,21,0.19,true
357,1,2,14,57,Harish Bhagat,bike,partner,6,4.11,0.86,0.86,19,0.05,true
358,1,2,14,57,Vanya Ganesh,bike,contract,26,4.75,0.88,0.9,23,0.1,true
359,1,2,14,57,Alexander Edwin,bike,partner,11,4.19,0.94,0.88,15,0.11,true
360,1,2,14,57,Vinaya Gill,bike,partner,3,4.41,0.79,0.91,20,0.07,true
361,1,2,14,57,Ishaan Vaidya,bike,partner,33,4.04,0.85,0.91,32,0.17,true
362,1,2,14,57,Faraj Dutt,bike,partner,20,4.69,0.97,0.8,14,0.08,true
363,1,2,14,57,Hitesh Tiwari,bike,partner,10,4.39,0.92,0.94,28,0.2,true
364,1,2,14,57,Raghav Chacko,bike,partner,2,4.26,0.99,0.92,27,0.22,true
365,1,2,14,57,Abhiram Barad,bike,partner,32,4.2,0.8,0.83,17,0.17,true
366,1,2,14,57,Watika Pau,bike,partner,22,4.17,0.9,0.85,25,0.05,true
367,1,2,14,57,Umang Varghese,bike,partner,36,4.26,0.81,0.82,16,0.19,true
368,1,2,14,57,Orinder Golla,bike,partner,14,3.95,0.92,0.86,14,0.15,true
369,1,2,14,57,Yamini Dewan,bike,partner,32,4.42,0.9,0.94,28,0.19,true
370,1,2,14,57,Henry Pai,bike,partner,15,4.3,0.94,0.85,32,0.06,true
371,1,2,14,57,Ishanvi Manne,bike,partner,32,4.14,0.86,0.83,15,0.15,true
372,1,3,15,60,Zehaan Bali,bike,partner,28,4.6,0.99,0.82,32,0.16,true
373,1,3,15,60,Manan Ahluwalia,bike,partner,29,4.13,0.99,0.88,25,0.15,true
374,1,3,15,60,Baghyawati Subramaniam,scooter,partner,17,4.32,0.95,0.8,14,0.04,true
375,1,3,15,60,Joshua Lanka,bike,partner,17,4.22,0.86,0.93,18,0.06,true
376,1,3,15,60,Nathaniel Ghosh,ecycle,contract,19,4.51,0.87,0.88,14,0.13,true
377,1,3,15,60,Bhavya Bail,bike,partner,16,4.17,0.95,0.81,30,0.14,true
378,1,3,15,60,Ekalinga Kala,bike,partner,14,4.16,0.78,0.87,22,0.18,true
379,1,3,15,60,Vivaan Shankar,bike,partner,17,4.33,0.92,0.83,27,0.18,true
380,1,3,15,60,Liam Mane,bike,partner,1,4.05,0.88,0.85,28,0.17,true
381,1,3,15,60,Yashasvi Pradhan,bike,partner,35,4.05,0.97,0.82,30,0.12,true
382,1,3,15,60,Yash Kota,bike,partner,11,4.1,0.98,0.88,27,0.12,true
383,1,3,15,60,Brinda Tank,bike,partner,16,4.25,0.94,0.93,22,0.03,true
384,1,3,15,60,Ladli Balay,scooter,partner,5,4.29,0.9,0.93,31,0.04,true
385,1,3,15,60,Bishakha Hayre,bike,partner,27,4.32,0.91,0.94,20,0.11,true
386,1,3,15,60,Damini Dave,bike,partner,29,4.32,0.86,0.77,31,0.12,true
387,1,3,15,60,Ubika Sura,bike,full_time,13,4.79,0.94,0.98,14,0.1,true
388,1,3,15,60,Mason Sekhon,bike,partner,36,4.45,0.91,0.69,15,0.12,true
389,1,3,15,60,Vedant Pingle,bike,full_time,27,4.44,0.99,0.94,14,0.1,true
390,1,3,15,60,Mahika Mangat,bike,partner,5,4.52,0.95,0.85,30,0.04,true
391,1,3,15,60,Ati Lata,scooter,partner,26,4.06,0.94,0.89,15,0.13,true
392,1,3,15,60,Quincy Apte,bike,full_time,18,4.48,0.97,0.92,27,0.05,true
393,1,3,15,60,Brinda Ghosh,bike,contract,13,4.48,0.94,0.91,30,0.09,true
394,1,3,15,60,Vedhika Bhardwaj,bike,partner,14,4.0,0.82,0.78,20,0.14,true
395,1,3,16,63,Naveen Ganesh,bike,partner,32,4.32,0.84,0.88,14,0.05,true
396,1,3,16,63,Teerth Rai,bike,partner,36,4.31,0.88,0.92,32,0.18,true
397,1,3,16,63,Damini Mann,bike,partner,13,4.14,0.89,0.92,32,0.14,true
398,1,3,16,63,Utkarsh Arya,bike,partner,32,4.17,0.85,0.85,18,0.06,true
399,1,3,16,63,Eshana Ramesh,bike,contract,7,4.56,0.89,0.87,29,0.08,true
400,1,3,16,63,Onveer Modi,bike,contract,30,4.57,0.95,0.91,26,0.08,true
401,1,3,16,63,Rajeshri Acharya,bike,partner,28,4.44,0.9,0.77,20,0.16,true
402,1,3,16,63,Gaurav Nayak,bike,partner,24,4.26,0.98,0.8,18,0.04,true
403,1,3,16,63,Avni Randhawa,bike,partner,5,4.32,0.93,0.93,26,0.18,true
404,1,3,16,63,Kamala D’Alia,bike,partner,19,4.43,0.94,0.81,28,0.03,true
405,1,3,16,63,Indrajit Comar,bike,partner,9,4.2,0.88,0.92,19,0.14,true
406,1,3,16,63,Yachana Arya,bike,partner,1,4.49,0.93,0.83,15,0.08,true
407,1,3,16,63,Ekansh Hora,bike,contract,17,4.18,0.89,0.89,21,0.13,true
408,1,3,16,63,Geetika Zacharia,bike,partner,3,4.21,0.89,0.95,28,0.05,true
409,1,3,16,63,Xavier Acharya,bike,partner,8,4.41,0.99,0.86,20,0.14,true
410,1,3,16,63,Divya Sundaram,bike,partner,32,4.47,0.83,0.84,22,0.19,true
411,1,3,16,63,Faris Munshi,bike,partner,6,4.27,0.92,0.78,26,0.05,true
412,1,3,16,63,Jagat Chowdhury,bike,partner,12,4.36,0.91,0.96,24,0.13,true
413,1,3,16,63,Yutika Iyengar,bike,partner,12,4.27,0.92,0.88,23,0.07,true
414,1,3,16,63,Mitali Gandhi,bike,partner,23,4.46,0.95,0.82,23,0.16,true
415,1,3,16,63,Bachittar Kala,bike,full_time,16,4.36,0.99,0.84,30,0.13,true
416,1,3,17,66,Wakeeta Dewan,bike,partner,8,4.35,0.89,0.92,29,0.09,true
417,1,3,17,66,Libni D’Alia,scooter,contract,4,4.25,0.89,0.88,18,0.13,true
418,1,3,17,66,Warinder Ravi,bike,partner,20,4.56,0.88,0.94,19,0.12,true
419,1,3,17,66,Wyatt Rajagopalan,bike,partner,22,4.31,0.85,0.85,31,0.08,true
420,1,3,17,66,Nikita Sachdev,bike,partner,14,4.24,0.92,0.85,29,0.18,true
421,1,3,17,66,Gagan Sarraf,bike,full_time,28,4.56,0.87,0.8,17,0.08,true
422,1,3,17,66,Chaaya Devan,bike,partner,6,4.35,0.91,0.79,25,0.14,true
423,1,3,17,66,Anusha Desai,bike,partner,8,4.28,0.97,0.82,23,0.11,true
424,1,3,17,66,Vrinda Dada,bike,partner,3,4.27,0.95,0.79,15,0.17,true
425,1,3,17,66,Gaurav Samra,bike,partner,34,4.23,0.91,0.92,24,0.22,true
426,1,3,17,66,Varsha Bajwa,bike,contract,6,4.38,0.91,0.8,32,0.05,true
427,1,3,17,66,Ranveer Narasimhan,bike,partner,8,4.56,0.97,0.93,31,0.21,true
428,1,3,17,66,Bhavna Dewan,bike,partner,22,4.55,0.99,0.8,29,0.1,true
429,1,3,17,66,Amara Chatterjee,bike,partner,17,4.39,0.96,0.72,22,0.13,true
430,1,3,17,66,Hemangini Acharya,bike,partner,12,4.4,0.83,0.87,29,0.16,true
431,1,3,17,66,Anthony Kalita,scooter,full_time,19,4.47,0.95,0.79,27,0.09,true
432,1,3,17,66,Bhavini Lal,bike,partner,22,4.23,0.91,0.84,17,0.08,true
433,1,3,17,66,Advika Madan,ecycle,partner,14,4.34,0.93,0.83,20,0.22,true
434,1,3,17,66,Aarav Loyal,bike,partner,32,4.37,0.89,0.9,21,0.16,true
435,1,3,17,66,Jasmit Sodhi,bike,partner,10,4.47,0.95,0.87,30,0.13,true
436,1,3,17,66,Orinder Kanda,bike,partner,24,4.28,0.89,0.89,17,0.07,true
437,1,3,17,66,Utkarsh Ramachandran,bike,partner,24,4.32,0.94,0.85,32,0.18,true
438,1,3,18,69,Benjamin Char,bike,contract,21,4.68,0.92,0.87,27,0.05,true
439,1,3,18,69,Wazir Merchant,ecycle,partner,27,4.25,0.89,0.84,21,0.13,true
440,1,3,18,69,Lucky Dhaliwal,bike,partner,24,4.53,0.89,0.76,30,0.05,true
441,1,3,18,69,Harish Dhingra,bike,contract,36,4.44,0.85,0.84,30,0.07,true
442,1,3,18,69,Tanish Uppal,bike,partner,35,4.2,0.97,0.86,32,0.05,true
443,1,3,18,69,Xalak Puri,bike,partner,9,4.17,0.94,0.87,15,0.07,true
444,1,3,18,69,Vrishti Kar,bike,partner,33,4.52,0.8,0.89,18,0.14,true
445,1,3,18,69,Jeremiah Raja,bike,partner,30,4.25,0.86,0.93,27,0.08,true
446,1,3,18,69,Reva Randhawa,bike,partner,18,4.44,0.87,0.86,30,0.11,true
447,1,3,18,69,Banjeet Mahal,bike,partner,28,4.39,0.97,0.9,22,0.11,true
448,1,3,18,69,Neel Issac,bike,partner,26,4.48,0.89,0.79,32,0.13,true
449,1,3,18,69,Dev Bose,bike,contract,8,4.35,0.89,0.91,23,0.13,true
450,1,3,18,69,Madhav Kurian,bike,partner,20,4.49,0.9,0.77,20,0.13,true
451,1,3,18,69,Vedant Dani,bike,partner,30,4.37,0.9,0.87,26,0.21,true
452,1,3,18,69,Gaurangi Naidu,bike,partner,8,4.34,0.93,0.87,17,0.03,true
453,1,3,18,69,Yasti Chaudhary,bike,partner,11,4.1,0.88,0.89,14,0.05,true
454,1,3,18,69,Rajata Anne,bike,partner,25,4.4,0.89,0.83,18,0.06,true
455,1,3,18,69,Ishanvi Mall,bike,contract,36,4.57,0.9,0.83,26,0.12,true
456,1,3,18,69,Samesh Dyal,bike,partner,11,4.72,0.96,0.88,17,0.14,true
457,1,3,18,69,Harinakshi Narain,bike,partner,1,4.61,0.92,0.91,14,0.16,true
458,1,3,19,72,Owen Issac,bike,partner,9,4.46,0.96,0.72,18,0.14,true
459,1,3,19,72,Ati Krish,bike,partner,10,4.16,0.91,0.89,21,0.03,true
460,1,3,19,72,Ishwar Karpe,scooter,partner,22,4.33,0.89,0.88,30,0.15,true
461,1,3,19,72,Jagdish Kari,bike,partner,17,4.34,0.92,0.78,28,0.2,true
462,1,3,19,72,William Sani,bike,partner,30,4.17,0.95,0.85,17,0.05,true
463,1,3,19,72,Madhavi Arya,scooter,partner,4,4.14,0.9,0.85,19,0.12,true
464,1,3,19,72,Ekantika Baria,bike,contract,9,4.44,0.88,0.91,24,0.06,true
465,1,3,19,72,Imaran Ahluwalia,scooter,partner,1,4.36,0.91,0.85,24,0.11,true
466,1,3,19,72,Vasatika Dhar,scooter,partner,32,4.46,0.93,0.81,21,0.18,true
467,1,3,19,72,Wakeeta Choudhary,bike,partner,20,4.41,0.88,0.94,16,0.09,true
468,1,3,19,72,Madhav Nayak,bike,contract,25,4.77,0.94,0.8,14,0.12,true
469,1,3,19,72,Nidhi Ramaswamy,bike,partner,3,4.26,0.87,0.9,15,0.13,true
470,1,3,19,72,Bishakha Bhatia,bike,contract,36,4.3,0.93,0.91,23,0.06,true
471,1,3,19,72,Eiravati Kala,bike,contract,1,4.39,0.86,0.82,28,0.1,true
472,1,3,19,72,Laban Sule,bike,partner,34,4.43,0.98,0.81,15,0.21,true
473,1,3,19,72,Saksham Issac,bike,partner,32,4.7,0.95,0.83,17,0.22,true
474,1,3,19,72,Yoshita Kamdar,bike,partner,15,4.1,0.85,0.83,23,0.1,true
475,1,3,19,72,Waida Datta,bike,partner,4,4.64,0.98,0.85,23,0.07,true
476,1,3,19,72,Falak Nagarajan,bike,full_time,32,4.67,0.89,0.77,28,0.07,true
477,1,3,19,72,Krisha Ahluwalia,bike,contract,7,4.27,0.93,0.91,25,0.12,true
478,1,3,19,72,Alka Rajagopalan,scooter,contract,20,4.7,0.9,0.8,20,0.08,true
479,1,3,19,72,Suhani Purohit,scooter,contract,17,4.41,0.95,0.86,21,0.13,true
480,1,3,19,72,Laban Dhingra,bike,partner,23,4.41,0.91,0.94,17,0.11,true
481,1,3,19,72,Reyansh Kant,bike,contract,30,4.52,0.9,0.89,28,0.04,true
482,1,3,19,72,Anamika Doshi,scooter,partner,32,4.64,0.99,0.82,17,0.07,true
483,1,3,19,72,Simon Venkatesh,bike,partner,15,4.52,0.92,0.88,17,0.15,true
484,1,3,19,72,Chaitanya Bhattacharyya,bike,partner,16,4.05,0.99,0.86,28,0.04,true
485,1,3,19,72,Yashoda Nori,ecycle,partner,8,4.18,0.92,0.87,21,0.19,true
486,1,3,19,72,Keya Balakrishnan,scooter,partner,19,4.02,0.91,0.79,28,0.07,true
487,1,3,19,72,Hemang Keer,bike,partner,30,4.43,0.9,0.96,32,0.21,true
488,1,3,19,72,Suhani Dugal,bike,partner,34,4.3,0.94,0.9,22,0.09,true
489,1,3,19,72,Yauvani Sami,bike,partner,11,4.4,0.98,0.97,25,0.06,true
490,1,3,19,72,Wridesh Bhargava,bike,partner,28,4.18,0.94,0.9,15,0.21,true
491,1,3,19,72,Harish Sibal,bike,partner,35,4.06,0.84,0.92,16,0.05,true
492,1,3,20,75,Urvi Swamy,bike,partner,24,4.19,0.85,0.95,14,0.06,true
493,1,3,20,75,Yauvani Bhardwaj,bike,partner,19,4.08,0.91,0.91,20,0.06,true
494,1,3,20,75,Maanav Amble,bike,partner,17,4.16,0.93,0.93,26,0.1,true
495,1,3,20,75,Aarini Mammen,scooter,partner,26,4.3,0.86,0.79,24,0.08,true
496,1,3,20,75,Pavani Tata,bike,partner,14,4.32,0.92,0.85,16,0.07,true
497,1,3,20,75,Qushi Mane,bike,partner,4,4.23,0.87,0.76,26,0.1,true
498,1,3,20,75,Aarnav Grewal,bike,partner,12,4.47,0.98,0.88,21,0.15,true
499,1,3,20,75,Anay Das,bike,partner,30,4.42,0.92,0.8,14,0.12,true
500,1,3,20,75,Banjeet Kapur,bike,partner,3,4.37,0.95,0.92,31,0.15,true
501,1,3,20,75,Vritti Mohanty,bike,partner,27,4.26,0.98,0.95,31,0.2,true
502,1,3,20,75,Lakshit Sampath,bike,partner,26,4.49,0.96,0.84,23,0.22,true
503,1,3,20,75,Laksh Kadakia,scooter,partner,22,4.53,0.99,0.81,30,0.07,true
504,1,3,20,75,Mahika Raghavan,bike,contract,33,3.97,0.82,0.83,21,0.04,true
505,1,3,20,75,Shaurya Mittal,bike,partner,26,4.63,0.95,0.9,25,0.14,true
506,1,3,20,75,Christopher Zacharia,bike,partner,35,4.16,0.9,0.83,28,0.07,true
507,1,4,21,78,Advay Chand,bike,partner,5,4.33,0.89,0.92,17,0.08,true
508,1,4,21,78,Anamika Kakar,bike,partner,8,4.52,0.88,0.95,21,0.08,true
509,1,4,21,78,Girindra Mahajan,scooter,partner,2,4.11,0.88,0.92,32,0.17,true
510,1,4,21,78,Balveer Bains,bike,partner,2,4.39,0.97,0.74,15,0.21,true
511,1,4,21,78,Mitali Dass,bike,contract,4,4.6,0.96,0.81,19,0.12,true
512,1,4,21,78,Umang Mohan,bike,contract,35,4.36,0.87,0.92,26,0.06,true
513,1,4,21,78,Sai Sem,bike,partner,19,4.38,0.87,0.76,32,0.17,true
514,1,4,21,78,Yashoda Sharma,bike,full_time,34,4.4,0.92,0.88,18,0.12,true
515,1,4,21,78,Indali Parsa,bike,contract,14,4.58,0.88,0.92,19,0.06,true
516,1,4,21,78,Zehaan Dara,bike,full_time,16,4.48,0.85,0.83,21,0.11,true
517,1,4,21,78,Avni Mistry,bike,partner,3,4.24,0.96,0.88,23,0.19,true
518,1,4,21,78,Tanvi Khatri,bike,full_time,31,4.78,0.94,0.95,20,0.14,true
519,1,4,21,78,Lohit Upadhyay,bike,partner,1,4.09,0.86,0.96,25,0.14,true
520,1,4,21,78,Jyoti Kulkarni,bike,partner,6,4.25,0.92,0.8,27,0.22,true
521,1,4,21,78,Amruta Uppal,bike,full_time,11,4.45,0.87,0.76,28,0.09,true
522,1,4,21,78,Reyansh Palan,bike,full_time,9,4.57,0.91,0.92,15,0.1,true
523,1,4,21,78,Nitesh Dewan,bike,partner,7,4.32,0.91,0.89,14,0.03,true
524,1,4,21,78,Elijah Yogi,bike,partner,31,4.12,0.97,0.98,23,0.1,true
525,1,4,21,78,Chandran Wason,bike,partner,34,4.28,0.99,0.92,15,0.18,true
526,1,4,21,78,Siya Gara,bike,partner,18,4.2,0.86,0.83,31,0.21,true
527,1,4,21,78,Umang Jhaveri,bike,partner,23,4.42,0.9,0.92,23,0.13,true
528,1,4,21,78,Dhruv Gupta,bike,partner,19,4.32,0.91,0.85,15,0.05,true
529,1,4,22,81,Ikshita Kashyap,bike,partner,22,4.55,0.87,0.78,19,0.16,true
530,1,4,22,81,Hemani Magar,bike,partner,19,4.23,0.82,0.89,15,0.04,true
531,1,4,22,81,Elijah Ravi,bike,partner,34,4.49,0.86,0.95,27,0.2,true
532,1,4,22,81,Rushil Bhandari,bike,partner,9,4.39,0.9,0.93,32,0.1,true
533,1,4,22,81,Jeremiah Sarkar,bike,partner,28,4.3,0.98,0.83,14,0.14,true
534,1,4,22,81,Yash Chacko,bike,contract,12,4.37,0.91,0.97,32,0.12,true
535,1,4,22,81,Wazir Babu,bike,partner,2,4.31,0.83,0.97,23,0.04,true
536,1,4,22,81,Adweta Mital,bike,partner,8,4.0,0.95,0.9,22,0.07,true
537,1,4,22,81,Kashish Prasad,bike,partner,28,3.79,0.93,0.89,24,0.09,true
538,1,4,22,81,Kevin Guha,bike,partner,13,4.16,0.95,0.93,32,0.21,true
539,1,4,22,81,Nilima Deshpande,bike,partner,24,4.16,0.96,0.92,22,0.2,true
540,1,4,22,81,Aarnav Swaminathan,bike,partner,35,4.11,0.87,0.88,15,0.13,true
541,1,4,22,81,Imaran Lanka,bike,partner,29,4.28,0.89,0.79,30,0.19,true
542,1,4,22,81,Tarak Devan,bike,partner,20,4.45,0.89,0.83,29,0.2,true
543,1,4,22,81,Maanav Sawhney,bike,partner,10,4.34,0.88,0.91,26,0.19,true
544,1,4,22,81,Bhavna Malhotra,bike,partner,12,4.09,0.87,0.9,14,0.13,true
545,1,4,22,81,Geetika Kapadia,bike,partner,25,4.33,0.95,0.83,18,0.06,true
546,1,4,22,81,Upasna Gour,bike,partner,22,4.23,0.88,0.86,29,0.09,true
547,1,4,22,81,Girish Varghese,bike,partner,35,4.31,0.93,0.71,27,0.2,true
548,1,4,22,81,Ria Acharya,bike,full_time,23,4.29,0.91,0.85,22,0.11,true
549,1,4,22,81,Kavya Virk,bike,partner,26,4.17,0.95,0.84,23,0.04,true
550,1,4,22,81,Karan Manne,bike,contract,1,4.35,0.88,0.88,21,0.11,true
551,1,4,22,81,Tripti Butala,bike,partner,23,4.11,0.99,0.98,31,0.04,true
552,1,4,22,81,Deepa Sachdeva,bike,partner,4,4.25,0.92,0.85,29,0.19,true
553,1,4,22,81,Urvashi Rattan,scooter,partner,2,4.34,0.91,0.76,27,0.1,true
554,1,4,22,81,Veer Sethi,bike,partner,23,4.23,0.92,0.97,25,0.13,true
555,1,4,22,81,Anamika Srinivas,bike,partner,22,4.14,0.95,0.9,21,0.06,true
556,1,4,22,81,Noah Shah,bike,partner,24,4.39,0.95,0.91,15,0.08,true
557,1,4,22,81,Charita Venkataraman,bike,partner,7,4.34,0.9,0.77,27,0.13,true
558,1,4,22,81,Rajeshri Sandal,bike,partner,12,4.18,0.88,0.79,26,0.17,true
559,1,4,22,81,Maanas Nagi,bike,partner,18,4.47,0.91,0.92,25,0.13,true
560,1,4,22,81,Pratyush Brar,bike,partner,5,4.13,0.89,0.77,27,0.04,true
561,1,4,23,84,Lakshit Mohan,bike,contract,15,4.53,0.9,0.9,24,0.09,true
562,1,4,23,84,William Borra,scooter,contract,30,4.6,0.84,0.87,20,0.06,true
563,1,4,23,84,Wahab Din,bike,partner,10,4.26,0.99,0.85,17,0.2,true
564,1,4,23,84,Gautam Sekhon,bike,contract,6,4.3,0.98,0.8,30,0.11,true
565,1,4,23,84,Turvi Bhagat,bike,partner,5,4.13,0.79,0.87,23,0.13,true
566,1,4,23,84,Jyoti Dua,bike,partner,4,4.51,0.88,0.86,29,0.06,true
567,1,4,23,84,Mugdha Palla,bike,partner,17,4.22,0.91,0.88,31,0.09,true
568,1,4,23,84,Fariq Pathak,bike,partner,11,4.31,0.92,0.89,14,0.07,true
569,1,4,23,84,Sai Gara,bike,partner,32,4.12,0.93,0.98,24,0.16,true
570,1,4,23,84,Quincy Dalal,bike,partner,12,4.16,0.84,0.94,30,0.2,true
571,1,4,23,84,Yashasvi Gupta,bike,contract,6,4.76,0.85,0.89,32,0.13,true
572,1,4,23,84,Yoshita Oak,bike,partner,31,4.34,0.96,0.84,29,0.21,true
573,1,4,23,84,Gabriel Srinivasan,bike,partner,26,4.34,0.97,0.84,23,0.13,true
574,1,4,23,84,Benjamin Karpe,bike,partner,13,4.4,0.84,0.83,27,0.1,true
575,1,4,23,84,Faris Nadig,bike,partner,15,4.46,0.96,0.84,25,0.14,true
576,1,4,23,84,Hritik Kalita,bike,contract,30,4.74,0.85,0.9,26,0.1,true
577,1,4,23,84,Xiti Krishnan,bike,partner,33,4.45,0.96,0.77,17,0.18,true
578,1,4,23,84,Gaurang Ram,bike,partner,14,4.04,0.98,0.88,26,0.1,true
579,1,4,23,84,Samar Sani,bike,partner,29,4.04,0.97,0.98,16,0.06,true
580,1,4,23,84,Laksh Gill,bike,partner,11,4.15,0.87,0.81,30,0.04,true
581,1,4,23,84,Keya Rattan,scooter,partner,35,4.14,0.91,0.77,15,0.16,true
582,1,4,23,84,Garima Prashad,bike,partner,3,4.36,0.99,0.93,26,0.1,true
583,1,4,24,87,Harinakshi Raman,bike,partner,20,4.5,0.94,0.82,24,0.18,true
584,1,4,24,87,Samarth Parikh,bike,contract,16,4.7,0.85,0.85,31,0.04,true
585,1,4,24,87,Jai Gokhale,bike,partner,28,4.24,0.81,0.95,17,0.2,true
586,1,4,24,87,Anamika Bhandari,bike,partner,14,4.26,0.9,0.96,20,0.08,true
587,1,4,24,87,Indali Borra,bike,partner,33,3.72,0.84,0.94,29,0.07,true
588,1,4,24,87,Samesh Bhatti,bike,partner,1,4.32,0.99,0.9,20,0.2,true
589,1,4,24,87,Gopal Dutta,bike,contract,9,4.54,0.93,0.8,18,0.07,true
590,1,4,24,87,Chameli Ganesh,bike,partner,11,4.54,0.91,0.89,32,0.2,true
591,1,4,24,87,Fiyaz Arora,bike,contract,21,4.75,0.95,0.93,27,0.07,true
592,1,4,24,87,Yashica Warrior,bike,partner,14,4.43,0.96,0.78,27,0.03,true
593,1,4,24,87,Jagvi Dixit,bike,contract,15,4.47,0.88,0.87,23,0.12,true
594,1,4,24,87,Ati Madan,scooter,partner,13,4.13,0.9,0.79,19,0.12,true
595,1,4,24,87,Isaiah Sheth,bike,partner,13,4.3,0.89,0.88,29,0.15,true
596,1,4,24,87,Manthan Chopra,bike,partner,9,4.27,0.99,0.95,16,0.15,true
597,1,4,24,87,Hemani Thakur,bike,partner,17,4.26,0.87,0.83,22,0.15,true
598,1,4,24,87,Mason Sani,bike,contract,31,4.44,0.9,0.86,21,0.11,true
599,1,4,24,87,Azaan Barman,bike,partner,24,4.32,0.9,0.91,14,0.22,true
600,1,4,24,87,Ishani Naik,bike,partner,22,4.32,0.93,0.87,23,0.05,true
601,1,4,24,87,Lakshit Char,bike,partner,22,4.26,0.91,0.76,29,0.2,true
602,1,4,24,87,Vidhi Kaur,bike,partner,2,4.3,0.99,0.8,18,0.13,true
603,1,4,24,87,Divya Kulkarni,scooter,partner,1,4.38,0.91,0.79,31,0.21,true
604,1,4,24,87,Gayathri Seth,bike,partner,18,4.43,0.85,0.85,16,0.17,true
605,1,4,24,87,Naksh Rau,bike,partner,28,4.51,0.88,0.98,23,0.2,true
606,1,4,24,87,Hema Sengupta,bike,contract,36,4.49,0.92,0.89,25,0.05,true
607,1,4,24,87,Shravya Manda,bike,partner,2,4.34,0.94,0.81,30,0.12,true
608,1,4,24,87,Udant Shere,bike,contract,27,4.49,0.77,0.95,29,0.05,true
609,1,4,24,87,Girindra Seth,bike,contract,18,4.46,0.93,0.83,18,0.1,true
610,1,4,24,87,Vedant Shenoy,bike,partner,34,4.21,0.82,0.84,14,0.19,true
611,1,4,24,87,Ranveer Sandal,bike,partner,35,4.39,0.84,0.93,22,0.19,true
612,1,4,24,87,Yashasvi Choudhry,bike,full_time,3,4.53,0.85,0.85,22,0.12,true
613,1,4,24,87,Watika Sarma,bike,partner,23,4.56,0.93,0.88,25,0.19,true
614,1,4,24,87,Karan Ray,bike,partner,9,4.22,0.84,0.96,28,0.06,true
615,1,4,24,87,Ishaan Bose,bike,partner,31,4.41,0.92,0.81,25,0.08,true
616,1,4,24,87,Yatin Dey,bike,partner,26,4.28,0.91,0.93,15,0.18,true
617,1,4,25,90,Madhavi D’Alia,bike,partner,21,4.11,0.96,0.92,20,0.15,true
618,1,4,25,90,Charles Kohli,bike,contract,3,4.3,0.93,0.92,27,0.06,true
619,1,4,25,90,Frado Varty,bike,partner,5,4.58,0.95,0.87,31,0.07,true
620,1,4,25,90,Tanay Kibe,bike,partner,8,4.3,0.93,0.83,19,0.22,true
621,1,4,25,90,Fiyaz Kade,bike,partner,30,4.52,0.93,0.83,23,0.12,true
622,1,4,25,90,Lajita Mander,bike,partner,35,4.16,0.95,0.9,18,0.19,true
623,1,4,25,90,Mitesh Solanki,bike,full_time,24,4.52,0.88,0.9,27,0.11,true
624,1,4,25,90,Yagnesh Deol,bike,partner,33,4.12,0.83,0.85,22,0.22,true
625,1,4,25,90,Lopa Manda,bike,partner,7,4.34,0.91,0.91,31,0.16,true
626,1,4,25,90,Guneet Mannan,bike,partner,34,4.32,0.91,0.95,31,0.08,true
627,1,4,25,90,Aahana Tailor,bike,partner,6,4.51,0.96,0.87,21,0.13,true
628,1,4,25,90,Jai Pathak,bike,contract,36,4.08,0.86,0.73,16,0.1,true
629,1,4,25,90,Isha Zachariah,bike,partner,11,3.94,0.91,0.86,30,0.21,true
630,1,4,25,90,Niharika Majumdar,bike,contract,25,4.66,0.86,0.9,16,0.11,true
631,1,4,25,90,Naksh Sibal,bike,partner,19,4.59,0.98,0.83,14,0.19,true
632,1,4,25,90,Liam Gara,scooter,partner,26,4.57,0.93,0.84,31,0.13,true
633,1,4,25,90,Jyoti Bandi,bike,partner,25,4.33,0.97,0.84,16,0.16,true
634,1,4,25,90,Yamini Banik,bike,partner,27,4.57,0.95,0.9,17,0.08,true
635,1,4,25,90,Bhanumati Majumdar,bike,contract,31,4.43,0.87,0.81,27,0.13,true
636,1,4,25,90,Yashoda Mander,bike,partner,11,4.24,0.89,0.84,22,0.07,true
637,1,4,25,90,Yuvraj Pal,bike,contract,34,4.72,0.92,0.92,30,0.04,true
638,1,4,25,90,Warhi Goel,bike,partner,1,4.47,0.92,0.82,15,0.11,true
639,1,4,25,90,Leena Char,bike,partner,3,4.45,0.83,0.9,28,0.14,true
640,1,4,25,90,Darika Saraf,bike,partner,1,4.26,0.95,0.9,16,0.14,true
641,1,4,25,90,Shravya Sengupta,bike,partner,30,4.25,0.93,0.9,17,0.19,true
642,1,5,26,93,Ekalinga Murthy,bike,partner,33,4.38,0.89,0.89,30,0.19,true
643,1,5,26,93,Nathaniel Pingle,bike,partner,19,4.32,0.86,0.89,24,0.17,true
644,1,5,26,93,Aachal Grewal,bike,partner,22,4.32,0.87,0.83,29,0.06,true
645,1,5,26,93,Meera Narang,bike,partner,17,4.14,0.93,0.83,31,0.18,true
646,1,5,26,93,Unni Sibal,bike,contract,19,4.35,0.94,0.91,32,0.06,true
647,1,5,26,93,Ladli Chakraborty,bike,contract,4,4.18,0.82,0.9,18,0.04,true
648,1,5,26,93,Zashil Bose,bike,contract,35,4.58,0.91,0.9,27,0.07,true
649,1,5,26,93,Kai Saini,bike,partner,35,4.19,0.89,0.95,32,0.17,true
650,1,5,26,93,Lekha Krish,bike,partner,6,4.39,0.93,0.73,24,0.04,true
651,1,5,26,93,Yagnesh Manne,scooter,contract,4,4.36,0.96,0.75,15,0.11,true
652,1,5,26,93,Lakshmi Singh,bike,partner,2,4.27,0.92,0.71,17,0.08,true
653,1,5,26,93,Akshay Sagar,bike,partner,25,4.22,0.89,0.87,21,0.15,true
654,1,5,26,93,Omkaar Singh,scooter,partner,11,4.53,0.84,0.79,19,0.18,true
655,1,5,26,93,Harrison Varughese,bike,partner,9,4.56,0.89,0.76,21,0.07,true
656,1,5,27,96,Christopher Rege,bike,partner,33,4.71,0.91,0.95,29,0.17,true
657,1,5,27,96,Jagrati Gade,bike,partner,36,4.32,0.87,0.93,32,0.16,true
658,1,5,27,96,Jalsa Choudhry,bike,partner,2,4.23,0.95,0.78,28,0.03,true
659,1,5,27,96,Vasatika Cherian,bike,contract,28,4.74,0.88,0.77,19,0.12,true
660,1,5,27,96,Radha Gade,bike,partner,30,4.47,0.97,0.89,22,0.12,true
661,1,5,27,96,Amrita Buch,bike,contract,36,4.63,0.97,0.88,32,0.07,true
662,1,5,27,96,Dayita Biswas,bike,partner,2,4.3,0.86,0.92,27,0.05,true
663,1,5,27,96,Kevin Bajaj,bike,partner,13,4.16,0.84,0.88,30,0.04,true
664,1,5,27,96,Vinaya Ghose,bike,full_time,28,4.44,0.91,0.85,15,0.07,true
665,1,5,27,96,Hema Sahni,bike,partner,35,4.41,0.87,0.84,27,0.12,true
666,1,5,27,96,Kai Bail,bike,partner,24,4.41,0.99,0.91,29,0.05,true
667,1,5,27,96,Triveni Sodhi,bike,partner,1,4.44,0.99,0.98,18,0.16,true
668,1,5,27,96,Jhalak Lad,scooter,partner,19,4.49,0.96,0.94,19,0.05,true
669,1,5,27,96,Charita Singh,bike,partner,17,4.38,0.9,0.83,27,0.1,true
670,1,5,27,96,Vrishti Handa,bike,partner,19,4.31,0.92,0.84,22,0.12,true
671,1,5,27,96,Bimala Sarma,bike,partner,4,4.32,0.88,0.89,24,0.22,true
672,1,5,27,96,Urvashi Soman,bike,partner,2,4.1,0.9,0.89,29,0.07,true
673,1,5,27,96,Bhanumati Devan,bike,partner,26,3.88,0.98,0.85,17,0.15,true
674,1,5,27,96,Nathaniel Goswami,bike,partner,26,4.08,0.96,0.95,29,0.06,true
675,1,5,27,96,Yochana Gour,bike,partner,1,4.33,0.93,0.79,25,0.11,true
676,1,5,27,96,Hema Prabhakar,scooter,contract,32,4.71,0.88,0.91,27,0.09,true
677,1,5,27,96,Warjas Bahri,bike,full_time,16,4.63,0.87,0.85,15,0.11,true
678,1,5,27,96,Charita Sekhon,bike,partner,15,4.4,0.94,0.84,26,0.14,true
679,1,5,27,96,Yasti Mitra,bike,partner,35,4.1,0.88,0.94,26,0.16,true
680,1,5,27,96,Adya Bawa,bike,partner,24,4.39,0.89,0.77,22,0.06,true
681,1,5,28,99,Manya Bajaj,bike,contract,21,4.6,0.94,0.89,14,0.07,true
682,1,5,28,99,Tanmayi Zacharia,bike,partner,5,4.24,0.94,0.83,25,0.12,true
683,1,5,28,99,Anay Golla,bike,contract,34,4.36,0.88,0.86,25,0.05,true
684,1,5,28,99,Gauri Saran,bike,full_time,27,4.48,0.96,0.82,14,0.06,true
685,1,5,28,99,Jagrati Bhatnagar,bike,partner,13,4.54,0.91,0.85,32,0.08,true
686,1,5,28,99,Aarna Hegde,bike,partner,18,4.43,0.97,0.83,20,0.19,true
687,1,5,28,99,Wakeeta Sood,bike,partner,7,4.62,0.81,0.77,20,0.1,true
688,1,5,28,99,Pavani Narayanan,bike,partner,10,4.33,0.87,0.91,27,0.22,true
689,1,5,28,99,Sai Mitra,bike,contract,8,4.23,0.96,0.84,23,0.04,true
690,1,5,28,99,Lipika Kannan,bike,partner,5,4.36,0.87,0.87,24,0.06,true
691,1,5,28,99,Unni Venkataraman,scooter,partner,14,4.62,0.94,0.86,17,0.12,true
692,1,5,28,99,Aarnav Yohannan,bike,partner,9,4.28,0.87,0.93,16,0.13,true
693,1,5,28,99,Aditya Bassi,bike,partner,29,4.07,0.96,0.97,19,0.08,true
694,1,5,28,99,Leela Acharya,bike,contract,31,4.46,0.98,0.98,18,0.13,true
695,1,5,28,99,Tanay Dyal,bike,partner,29,4.28,0.93,0.98,16,0.06,true
696,1,5,28,99,Dayamai Thaman,bike,partner,10,4.29,0.86,0.81,27,0.13,true
697,1,5,28,99,Sarthak Gopal,bike,partner,24,4.36,0.85,0.76,24,0.14,true
698,1,5,28,99,Veer Sant,bike,contract,18,4.38,0.93,0.83,32,0.1,true
699,1,5,28,99,Tanveer Narang,scooter,partner,25,4.38,0.84,0.78,32,0.13,true
700,1,5,28,99,Azaan Minhas,bike,partner,2,4.58,0.91,0.79,32,0.19,true
701,1,5,28,99,Quincy Manda,bike,partner,36,3.95,0.84,0.9,31,0.18,true
702,1,5,28,99,Vincent Shukla,bike,contract,24,4.23,0.97,0.87,26,0.1,true
703,1,5,28,99,Kashish Mand,bike,partner,14,4.04,0.9,0.8,16,0.13,true
704,1,5,28,99,Kavya Sehgal,bike,contract,5,4.41,0.93,0.83,25,0.1,true
705,1,5,28,99,Dominic Dewan,bike,partner,11,4.4,0.84,0.86,18,0.06,true
706,1,5,28,99,Aahana Varkey,bike,contract,9,4.43,0.9,0.8,25,0.13,true
707,1,5,28,99,Watika Palan,bike,partner,4,4.04,0.99,0.82,25,0.11,true
708,1,5,28,99,Saksham Randhawa,bike,partner,12,4.1,0.9,0.84,24,0.14,true
709,1,5,28,99,Ekansh Kaur,scooter,partner,15,4.47,0.92,0.9,20,0.13,true
710,1,5,28,99,Isha Loke,bike,partner,6,4.26,0.9,0.88,29,0.1,true
711,1,5,29,102,Kabir Doctor,bike,partner,19,4.13,0.97,0.9,28,0.1,true
712,1,5,29,102,Ayush Datta,bike,partner,9,4.29,0.86,0.82,20,0.09,true
713,1,5,29,102,Agastya Gera,bike,contract,5,4.47,0.92,0.96,15,0.05,true
714,1,5,29,102,Patrick Sarin,bike,partner,14,4.32,0.89,0.79,15,0.18,true
715,1,5,29,102,Victor Dhingra,scooter,partner,25,4.19,0.89,0.8,26,0.09,true
716,1,5,29,102,Aachal Karan,bike,contract,26,4.45,0.86,0.9,23,0.05,true
717,1,5,29,102,Pahal Lata,bike,full_time,15,4.88,0.92,0.88,31,0.03,true
718,1,5,29,102,Saanvi Patla,ecycle,partner,18,4.18,0.88,0.86,28,0.2,true
719,1,5,29,102,Watika Sodhi,bike,partner,32,4.44,0.88,0.88,25,0.05,true
720,1,5,29,102,Ganga Sagar,bike,partner,7,4.58,0.87,0.93,20,0.2,true
721,1,5,29,102,Umang Bains,bike,partner,22,4.11,0.9,0.86,14,0.18,true
722,1,5,29,102,Yachana Vora,bike,partner,32,4.43,0.98,0.86,17,0.18,true
723,1,5,29,102,Nisha Pai,bike,partner,36,4.42,0.91,0.9,28,0.12,true
724,1,5,29,102,Sanaya Apte,ecycle,contract,29,4.42,0.84,0.86,25,0.13,true
725,1,5,29,102,Maya Garde,bike,partner,14,4.37,0.95,0.87,30,0.11,true
726,1,5,29,102,Lucky Som,bike,partner,35,4.21,0.84,0.8,24,0.09,true
727,1,5,29,102,Aarna Doctor,bike,partner,14,4.39,0.99,0.82,19,0.14,true
728,1,5,29,102,Nandini Saraf,bike,partner,29,4.27,0.92,0.87,25,0.19,true
729,1,5,29,102,Devansh Halder,bike,full_time,35,4.51,0.99,0.91,22,0.07,true
730,1,5,29,102,Patrick Setty,bike,contract,34,4.35,0.93,0.88,32,0.13,true
731,1,5,29,102,Maya Wadhwa,bike,partner,5,4.36,0.89,0.84,16,0.11,true
732,1,5,29,102,Ryan Sama,bike,partner,24,4.39,0.88,0.87,17,0.18,true
733,1,5,29,102,Leena Tata,bike,partner,12,4.73,0.9,0.88,29,0.12,true
734,1,5,29,102,Frado Kapoor,bike,contract,19,4.58,0.93,0.84,18,0.08,true
735,1,5,29,102,Upkaar Ramesh,bike,partner,5,4.19,0.93,0.77,24,0.09,true
736,1,5,29,102,Aradhana Munshi,bike,partner,19,4.24,0.91,0.88,23,0.14,true
737,1,5,29,102,Madhav Sidhu,scooter,contract,31,4.53,0.82,0.92,25,0.08,true
738,1,5,29,102,Nimrat Mallick,bike,partner,16,4.01,0.99,0.7,22,0.19,true
739,1,5,29,102,Ekavir Parsa,bike,partner,8,4.61,0.95,0.85,20,0.17,true
740,1,5,29,102,Gopal Gade,bike,contract,24,4.39,0.95,0.78,26,0.1,true
741,1,5,29,102,Indira Jani,bike,contract,15,4.3,0.99,0.81,16,0.03,true
742,1,5,30,105,Hemani Savant,scooter,partner,16,4.34,0.95,0.89,20,0.15,true
743,1,5,30,105,Rohan Morar,bike,partner,6,4.23,0.98,0.98,14,0.03,true
744,1,5,30,105,Vedika Merchant,scooter,partner,15,4.46,0.96,0.94,32,0.03,true
745,1,5,30,105,Jason Bhakta,bike,partner,18,4.3,0.91,0.81,22,0.07,true
746,1,5,30,105,Manan Sangha,bike,partner,6,4.24,0.9,0.94,27,0.18,true
747,1,5,30,105,Vanya Khurana,bike,partner,25,4.1,0.98,0.86,17,0.11,true
748,1,5,30,105,Oviya Bhasin,bike,partner,1,4.49,0.99,0.82,18,0.21,true
749,1,5,30,105,Harita Wali,bike,partner,23,4.43,0.91,0.98,24,0.11,true
750,1,5,30,105,Ronith Nanda,bike,partner,17,4.28,0.91,0.86,27,0.2,true
751,1,5,30,105,Anthony Loke,bike,partner,11,4.41,0.8,0.79,16,0.08,true
752,1,5,30,105,Matthew Devi,scooter,full_time,26,4.49,0.92,0.8,28,0.1,true
753,1,5,30,105,Vanya Goyal,bike,partner,14,4.32,0.93,0.81,26,0.08,true
754,1,5,30,105,Sachi Mander,bike,contract,4,4.47,0.87,0.98,15,0.04,true
755,1,5,30,105,Sara Brar,bike,partner,23,4.25,0.84,0.97,27,0.1,true
756,1,5,30,105,Ijaya Kamdar,bike,partner,10,4.25,0.94,0.98,16,0.19,true
757,1,5,30,105,Advik Dhillon,bike,partner,4,4.31,0.95,0.81,29,0.04,true
758,1,5,30,105,Joshua Bandi,bike,full_time,28,4.28,0.88,0.9,31,0.06,true
759,1,5,30,105,George Jani,ecycle,partner,13,4.39,0.92,0.84,22,0.11,true
760,1,5,30,105,Yuvraj Dhar,bike,partner,22,4.46,0.94,0.86,30,0.2,true
761,1,5,30,105,Sai Desai,scooter,partner,26,4.03,0.88,0.82,22,0.17,true
762,1,5,30,105,Adya Pathak,bike,partner,7,4.21,0.84,0.91,30,0.16,true
763,1,6,31,108,Vasudha Sama,bike,full_time,10,4.46,0.92,0.88,29,0.12,true
764,1,6,31,108,Fiyaz Krishna,bike,partner,34,4.29,0.97,0.91,15,0.07,true
765,1,6,31,108,Ayush Garg,bike,partner,1,4.83,0.97,0.92,29,0.18,true
766,1,6,31,108,Yadavi Majumdar,bike,partner,35,4.39,0.94,0.77,14,0.07,true
767,1,6,31,108,Rohan Hari,bike,partner,27,4.46,0.85,0.79,28,0.09,true
768,1,6,31,108,Omkaar Narain,bike,partner,15,4.2,0.82,0.8,19,0.05,true
769,1,6,31,108,Damini Borah,bike,partner,30,4.57,0.92,0.83,17,0.1,true
770,1,6,31,108,Hitesh Pai,bike,partner,6,4.41,0.83,0.84,26,0.15,true
771,1,6,31,108,Ethan Saraf,bike,partner,21,4.35,0.89,0.87,21,0.12,true
772,1,6,31,108,Upma Kadakia,scooter,partner,28,4.42,0.89,0.88,21,0.11,true
773,1,6,31,108,Gaurika Sarma,bike,partner,32,4.31,0.91,0.85,22,0.13,true
774,1,6,31,108,Lavanya Bakshi,bike,contract,4,4.58,0.94,0.8,16,0.13,true
775,1,6,31,108,Maya Nayak,bike,partner,24,4.17,0.88,0.85,18,0.16,true
776,1,6,31,108,Chandani Bhandari,bike,partner,20,4.48,0.95,0.84,26,0.11,true
777,1,6,31,108,Oscar Garde,bike,partner,30,4.57,0.8,0.96,30,0.21,true
778,1,6,31,108,Caleb Kulkarni,bike,partner,22,4.17,0.9,0.81,31,0.03,true
779,1,6,31,108,Logan Jaggi,bike,partner,7,4.09,0.85,0.8,14,0.2,true
780,1,6,31,108,Vedant Sandhu,bike,partner,4,4.28,0.98,0.81,24,0.12,true
781,1,6,31,108,Xavier Varma,bike,partner,6,4.24,0.83,0.86,21,0.04,true
782,1,6,31,108,Yoshita Bansal,bike,partner,2,4.37,0.95,0.89,28,0.13,true
783,1,6,31,108,Alexander Nanda,bike,partner,17,4.17,0.91,0.84,31,0.13,true
784,1,6,31,108,Kabir Sehgal,bike,contract,15,4.67,0.95,0.86,15,0.11,true
785,1,6,31,108,Oni Devi,bike,full_time,14,4.53,0.85,0.92,27,0.13,true
786,1,6,31,108,Vritti Parsa,bike,contract,35,4.61,0.9,0.88,29,0.11,true
787,1,6,31,108,Hredhaan Sundaram,ecycle,partner,9,4.3,0.89,0.91,29,0.17,true
788,1,6,31,108,Wazir Patil,bike,partner,35,4.53,0.83,0.87,31,0.09,true
789,1,6,31,108,Ojasvi Mangal,bike,full_time,2,4.72,0.82,0.76,24,0.13,true
790,1,6,31,108,Neha Upadhyay,bike,partner,15,4.44,0.86,0.88,15,0.21,true
791,1,6,31,108,Sachi Sen,bike,contract,6,4.33,0.98,0.89,16,0.08,true
792,1,6,31,108,Chandresh Prakash,bike,partner,5,4.22,0.91,0.85,28,0.06,true
793,1,6,31,108,Anita Patil,bike,partner,15,4.38,0.9,0.9,21,0.22,true
794,1,6,31,108,Zinal Suri,bike,partner,36,4.32,0.83,0.91,31,0.19,true
795,1,6,31,108,Deepa Cherian,ecycle,partner,5,4.32,0.97,0.81,19,0.11,true
796,1,6,31,108,Advaith Parmer,bike,partner,7,4.13,0.94,0.91,17,0.05,true
797,1,6,31,108,Leela Datta,bike,partner,4,4.36,0.92,0.85,21,0.18,true
798,1,6,31,108,Krishna Raman,bike,contract,20,4.63,0.86,0.86,31,0.04,true
799,1,6,32,111,Sara Virk,bike,partner,30,4.23,0.92,0.92,30,0.1,true
800,1,6,32,111,Agastya Kumer,bike,partner,24,4.68,0.99,0.8,22,0.16,true
801,1,6,32,111,Daksha Date,bike,partner,7,4.07,0.93,0.9,21,0.22,true
802,1,6,32,111,Nidhi Hari,bike,partner,25,4.27,0.94,0.95,14,0.07,true
803,1,6,32,111,Yauvani Patla,bike,partner,24,4.65,0.94,0.88,25,0.13,true
804,1,6,32,111,Sanaya Morar,bike,partner,11,4.25,0.97,0.89,29,0.18,true
805,1,6,32,111,Ekani Mannan,bike,partner,12,4.53,0.91,0.75,24,0.04,true
806,1,6,32,111,Frederick Sekhon,ecycle,partner,14,4.85,0.93,0.89,23,0.04,true
807,1,6,32,111,Samuel Narasimhan,bike,partner,9,4.31,0.92,0.81,18,0.14,true
808,1,6,32,111,Ekta Deshmukh,bike,partner,25,4.46,0.91,0.97,30,0.19,true
809,1,6,32,111,Megha Dani,bike,partner,25,4.35,0.95,0.79,21,0.06,true
810,1,6,32,111,Vansha Pant,bike,partner,12,4.08,0.89,0.88,26,0.09,true
811,1,6,32,111,Ryan Lall,scooter,partner,30,4.0,0.89,0.87,25,0.08,true
812,1,6,32,111,Maanas Kaul,scooter,partner,22,4.51,0.92,0.82,17,0.05,true
813,1,6,32,111,Advik Bhardwaj,bike,partner,30,4.41,0.89,0.91,31,0.19,true
814,1,6,32,111,Wishi Venkataraman,bike,partner,25,4.42,0.9,0.87,32,0.1,true
815,1,6,32,111,Chandani Ramaswamy,bike,partner,16,4.26,0.98,0.98,15,0.21,true
816,1,6,32,111,Azad Nazareth,bike,partner,14,4.29,0.94,0.98,18,0.15,true
817,1,6,32,111,Sathvik Padmanabhan,bike,partner,33,4.12,0.98,0.94,31,0.05,true
818,1,6,32,111,Baghyawati Nanda,bike,partner,31,4.16,0.96,0.92,17,0.11,true
819,1,6,32,111,Bhavya Lata,bike,partner,17,4.17,0.93,0.89,25,0.05,true
820,1,6,32,111,Anita Goda,bike,contract,34,4.41,0.93,0.82,30,0.11,true
821,1,6,32,111,Ijaya Subramanian,bike,partner,24,4.46,0.9,0.92,31,0.13,true
822,1,6,32,111,Panini Vyas,bike,partner,30,4.78,0.93,0.92,20,0.15,true
823,1,6,32,111,Harrison Raja,bike,partner,23,4.51,0.89,0.82,23,0.05,true
824,1,6,32,111,Kashvi Chakraborty,bike,partner,35,4.19,0.86,0.96,26,0.19,true
825,1,6,32,111,Harini Dave,bike,partner,12,4.15,0.94,0.8,24,0.19,true
826,1,6,33,114,Simon Sheth,bike,partner,8,4.54,0.87,0.9,28,0.03,true
827,1,6,33,114,Ekanta Balasubramanian,bike,partner,20,4.37,0.82,0.85,22,0.03,true
828,1,6,33,114,Tejas Raju,bike,partner,22,4.33,0.89,0.77,28,0.11,true
829,1,6,33,114,Faris Sani,bike,partner,23,4.51,0.97,0.9,32,0.12,true
830,1,6,33,114,Manthan Choudhry,bike,partner,17,4.68,0.9,0.88,17,0.18,true
831,1,6,33,114,Darika Goda,bike,contract,2,4.81,0.9,0.81,19,0.05,true
832,1,6,33,114,Niharika Modi,bike,partner,7,4.34,0.87,0.82,15,0.09,true
833,1,6,33,114,Advay Bora,bike,contract,19,4.47,0.88,0.86,28,0.04,true
834,1,6,33,114,Yug Rattan,bike,partner,34,3.98,0.97,0.9,29,0.15,true
835,1,6,33,114,Aishani Pal,bike,partner,8,4.4,0.94,0.93,22,0.15,true
836,1,6,33,114,Simon Handa,bike,partner,28,4.41,0.85,0.94,20,0.15,true
837,1,6,33,114,Dev Sethi,bike,partner,35,4.39,0.88,0.83,18,0.13,true
838,1,6,33,114,Christopher Sibal,bike,partner,5,4.38,0.95,0.83,19,0.17,true
839,1,6,33,114,Dalbir Walia,bike,partner,18,4.51,0.94,0.88,19,0.08,true
840,1,6,33,114,Brijesh Karan,bike,partner,32,4.3,0.88,0.88,26,0.21,true
841,1,6,33,114,Jairaj Sridhar,bike,contract,11,4.72,0.86,0.85,21,0.11,true
842,1,6,33,114,Udarsh Kalla,ecycle,partner,18,4.38,0.99,0.87,30,0.1,true
843,1,6,33,114,Faqid Thakur,bike,partner,32,4.21,0.86,0.88,19,0.05,true
844,1,6,33,114,Hiral Sodhi,scooter,partner,23,4.65,0.95,0.88,20,0.2,true
845,1,6,34,117,Ayush Buch,bike,partner,16,4.49,0.9,0.82,19,0.15,true
846,1,6,34,117,Tamanna Soni,bike,contract,20,4.18,0.92,0.84,25,0.11,true
847,1,6,34,117,Anthony Rajan,bike,partner,22,4.28,0.83,0.83,18,0.2,true
848,1,6,34,117,Dayita Agrawal,scooter,partner,12,4.24,0.87,0.91,19,0.14,true
849,1,6,34,117,Eiravati Brahmbhatt,bike,partner,29,4.15,0.84,0.86,29,0.04,true
850,1,6,34,117,Aryan Muni,bike,partner,2,4.51,0.9,0.89,20,0.07,true
851,1,6,34,117,Ekiya Bobal,bike,partner,22,4.24,0.88,0.83,14,0.15,true
852,1,6,34,117,Sarthak Pau,bike,partner,30,4.53,0.84,0.77,26,0.18,true
853,1,6,34,117,Kamala Dugar,bike,partner,7,4.17,0.8,0.87,25,0.21,true
854,1,6,34,117,Zayyan Pillai,bike,partner,6,4.26,0.87,0.89,31,0.12,true
855,1,6,34,117,Baljiwan Dada,bike,partner,10,4.38,0.93,0.9,26,0.13,true
856,1,6,34,117,Zashil D’Alia,bike,partner,10,4.28,0.86,0.86,17,0.22,true
857,1,6,34,117,Udarsh Mane,bike,partner,5,4.38,0.94,0.83,21,0.17,true
858,1,6,34,117,Charvi Deep,bike,partner,17,3.96,0.87,0.81,28,0.1,true
