employee_id,org_id,team_id,store_id,city_id,employee_name,role,manager_employee_id,employment_type,shift_type,tenure_months,base_monthly_salary_inr,productivity_score,attendance_risk_score,active_flag
1,1,1,,,Anjali Sankaran,regional_ops_head,,full_time,day,31,189568,1.17,0.08,true
2,1,2,,,Theodore Majumdar,procurement_manager,1,full_time,day,20,106282,1.11,0.07,true
3,1,2,,,Nisha Apte,procurement_analyst,2,full_time,day,27,40284,0.92,0.05,true
4,1,2,,,Divya Madan,procurement_analyst,2,full_time,day,35,40352,0.92,0.08,true
5,1,2,,,Gaurika Sanghvi,procurement_analyst,2,full_time,day,37,46700,0.89,0.1,true
6,1,2,,,Chaitaly Bedi,procurement_analyst,2,full_time,day,2,42073,0.8,0.08,true
7,1,2,,,Damyanti Mukherjee,procurement_analyst,2,full_time,day,23,52485,0.85,0.1,true
8,1,3,,,Panini Ahuja,finance_controller,1,full_time,day,8,95416,1.04,0.08,true
9,1,3,,,Harini Kunda,finance_analyst,8,full_time,day,23,67546,1.07,0.06,true
10,1,3,,,Lopa Bala,finance_analyst,8,full_time,day,36,54786,1.01,0.09,true
11,1,3,,,Jeet Sagar,finance_analyst,8,full_time,day,16,48901,1.03,0.13,true
12,1,3,,,Charvi Ratta,finance_analyst,8,full_time,day,24,39788,0.95,0.08,true
13,1,3,,,Anvi Srinivas,finance_analyst,8,full_time,day,1,50200,0.8,0.13,true
14,1,4,,1,Nilima Narayanan,city_ops_manager,1,full_time,day,7,100566,1.07,0.04,true
15,1,5,,1,Arjun Dash,escalations_manager,14,full_time,day,46,104445,0.97,0.06,true
16,1,4,,1,Dakshesh Kata,city_ops_analyst,14,full_time,day,21,41003,1.04,0.12,true
17,1,4,,1,Megha Sundaram,city_ops_analyst,14,full_time,day,29,59575,0.88,0.14,true
18,1,4,,1,Aarini Vig,city_ops_analyst,14,full_time,day,20,57852,1.08,0.07,true
19,1,4,,1,Bhavani Upadhyay,city_ops_analyst,14,full_time,day,40,39058,0.86,0.06,true
20,1,5,,1,Damyanti Kulkarni,escalation_specialist,15,full_time,swing,23,44644,0.87,0.09,true
21,1,5,,1,Ekaraj Madan,escalation_specialist,15,full_time,day,44,45887,0.83,0.08,true
22,1,5,,1,Diya Mistry,escalation_specialist,15,full_time,day,22,40587,0.84,0.05,true
23,1,5,,1,Theodore Sant,escalation_specialist,15,full_time,day,34,48823,0.83,0.16,true
24,1,5,,1,Baghyawati Acharya,escalation_specialist,15,full_time,swing,48,32791,0.92,0.07,true
25,1,5,,1,Lekha Mangat,escalation_specialist,15,full_time,swing,25,51402,1.02,0.09,true
26,1,5,,1,Yash Patil,escalation_specialist,15,full_time,swing,25,36686,0.88,0.09,true
27,1,6,,2,Praneel Din,city_ops_manager,1,full_time,day,48,98450,1.07,0.07,true
28,1,7,,2,Brijesh Agrawal,escalations_manager,27,full_time,day,41,88985,1.02,0.1,true
29,1,6,,2,Ayushman Boase,city_ops_analyst,27,full_time,day,1,46563,1.06,0.08,true
30,1,6,,2,Ekbal Bali,city_ops_analyst,27,full_time,day,43,64771,0.97,0.06,true
31,1,6,,2,Rachita Khalsa,city_ops_analyst,27,full_time,day,33,39197,0.88,0.13,true
32,1,6,,2,Zinal Saha,city_ops_analyst,27,full_time,day,46,66643,1.06,0.14,true
33,1,7,,2,Nicholas Gala,escalation_specialist,28,full_time,swing,11,41568,0.99,0.1,true
34,1,7,,2,Jyoti Pandya,escalation_specialist,28,full_time,swing,48,49709,0.83,0.06,true
35,1,7,,2,Daksha Mallick,escalation_specialist,28,full_time,day,28,31376,0.95,0.08,true
36,1,7,,2,Jagdish Soni,escalation_specialist,28,full_time,swing,47,40172,0.89,0.08,true
37,1,7,,2,Panini Naik,escalation_specialist,28,full_time,swing,47,32320,1.01,0.16,true
38,1,7,,2,Anvi Arora,escalation_specialist,28,full_time,swing,7,50570,0.81,0.07,true
39,1,7,,2,Edhitha Krish,escalation_specialist,28,full_time,day,44,31552,0.94,0.08,true
40,1,7,,2,Indali Wali,escalation_specialist,28,full_time,swing,29,30529,0.87,0.08,true
41,1,8,,3,Mitali Loyal,city_ops_manager,1,full_time,day,41,113956,1.0,0.07,true
42,1,9,,3,Rajata Barad,escalations_manager,41,full_time,day,47,92019,0.97,0.11,true
43,1,8,,3,Faris Kamdar,city_ops_analyst,41,full_time,day,29,51307,0.92,0.07,true
44,1,8,,3,Deepa Kala,city_ops_analyst,41,full_time,day,28,44656,0.92,0.08,true
45,1,8,,3,Bishakha Kapoor,city_ops_analyst,41,full_time,day,5,65055,0.87,0.13,true
46,1,8,,3,Utkarsh Bhandari,city_ops_analyst,41,full_time,day,26,44436,0.98,0.12,true
47,1,8,,3,Saumya Virk,city_ops_analyst,41,full_time,day,4,48453,1.05,0.12,true
48,1,9,,3,Tejas Dar,escalation_specialist,42,full_time,day,21,37822,0.97,0.16,true
49,1,9,,3,Ekaraj Johal,escalation_specialist,42,full_time,day,6,49778,0.87,0.13,true
50,1,9,,3,Ishanvi Chandra,escalation_specialist,42,full_time,day,19,40953,0.94,0.07,true
51,1,9,,3,Chaman Arya,escalation_specialist,42,full_time,day,10,36852,1.04,0.12,true
52,1,9,,3,Udant Bera,escalation_specialist,42,full_time,day,33,40955,0.81,0.11,true
53,1,9,,3,Radhika Nayar,escalation_specialist,42,full_time,swing,22,49652,0.91,0.12,true
54,1,10,,4,Anamika Nagi,city_ops_manager,1,full_time,day,50,149514,0.92,0.06,true
55,1,11,,4,Bhavani Varty,escalations_manager,54,full_time,day,1,118942,0.92,0.11,true
56,1,10,,4,Ekalinga Hayre,city_ops_analyst,54,full_time,day,35,51099,0.86,0.06,true
57,1,10,,4,Abhiram Pant,city_ops_analyst,54,full_time,day,40,41702,1.06,0.05,true
58,1,10,,4,Eta Dave,city_ops_analyst,54,full_time,day,27,51727,1.07,0.13,true
59,1,10,,4,Zinal Tandon,city_ops_analyst,54,full_time,day,4,51386,0.96,0.1,true
60,1,11,,4,Ishita Wagle,escalation_specialist,55,full_time,day,14,43754,0.82,0.12,true
61,1,11,,4,Samaksh Baral,escalation_specialist,55,full_time,day,47,38977,0.81,0.1,true
62,1,11,,4,Tara Narang,escalation_specialist,55,full_time,swing,46,42698,1.01,0.16,true
63,1,11,,4,Jonathan Sodhi,escalation_specialist,55,full_time,day,29,44514,0.95,0.11,true
64,1,11,,4,Nachiket Bhasin,escalation_specialist,55,full_time,day,50,40720,0.96,0.06,true
65,1,11,,4,Chaitaly Dhar,escalation_specialist,55,full_time,swing,3,41327,1.0,0.15,true
66,1,11,,4,Yug Badami,escalation_specialist,55,full_time,day,34,45339,0.95,0.13,true
67,1,12,,5,Bachittar Kota,city_ops_manager,1,full_time,day,48,126643,1.11,0.09,true
68,1,13,,5,Banjeet Hora,escalations_manager,67,full_time,day,38,101828,0.99,0.06,true
69,1,12,,5,Alexander Issac,city_ops_analyst,67,full_time,day,38,57627,0.96,0.06,true
70,1,12,,5,Vinaya Edwin,city_ops_analyst,67,full_time,day,22,57845,1.06,0.05,true
71,1,12,,5,Michael Gulati,city_ops_analyst,67,full_time,day,13,48465,0.9,0.11,true
72,1,12,,5,Qasim Bajaj,city_ops_analyst,67,full_time,day,20,54148,0.84,0.08,true
73,1,13,,5,Eshana Gopal,escalation_specialist,68,full_time,swing,37,46449,0.82,0.12,true
74,1,13,,5,Omkaar Sharma,escalation_specialist,68,full_time,day,50,47959,1.05,0.08,true
75,1,13,,5,Peter Buch,escalation_specialist,68,full_time,swing,25,42016,0.96,0.06,true
76,1,13,,5,Vritti Kar,escalation_specialist,68,full_time,swing,29,34350,0.84,0.05,true
77,1,13,,5,Jeremiah Sundaram,escalation_specialist,68,full_time,swing,44,28965,0.84,0.09,true
78,1,13,,5,Max Kurian,escalation_specialist,68,full_time,swing,5,34528,0.82,0.07,true
79,1,13,,5,Maya Mutti,escalation_specialist,68,full_time,swing,18,51238,0.91,0.14,true
80,1,13,,5,Megha Balay,escalation_specialist,68,full_time,swing,24,43728,1.05,0.08,true
81,1,13,,5,Priya Rama,escalation_specialist,68,full_time,day,45,47623,0.97,0.08,true
82,1,14,,6,Libni Koshy,city_ops_manager,1,full_time,day,43,147495,1.09,0.09,true
83,1,15,,6,Frederick Bassi,escalations_manager,82,full_time,day,38,89411,1.0,0.06,true
84,1,14,,6,Waida Varughese,city_ops_analyst,82,full_time,day,12,44460,1.03,0.09,true
85,1,14,,6,Saksham Padmanabhan,city_ops_analyst,82,full_time,day,52,43254,0.9,0.11,true
86,1,14,,6,Jagvi Kota,city_ops_analyst,82,full_time,day,15,47311,0.86,0.06,true
87,1,14,,6,Raagini Nadig,city_ops_analyst,82,full_time,day,2,46500,0.89,0.12,true
88,1,14,,6,William Solanki,city_ops_analyst,82,full_time,day,22,56452,0.86,0.06,true
89,1,15,,6,Bachittar Cheema,escalation_specialist,83,full_time,swing,1,47464,0.79,0.09,true
90,1,15,,6,Falak Dar,escalation_specialist,83,full_time,swing,48,44750,0.82,0.06,true
91,1,15,,6,Faris Borah,escalation_specialist,83,full_time,day,40,34840,0.83,0.05,true
92,1,15,,6,Tanmayi Edwin,escalation_specialist,83,full_time,swing,20,40658,0.96,0.12,true
93,1,15,,6,Rachit Badami,escalation_specialist,83,full_time,swing,27,42591,0.82,0.13,true
94,1,15,,6,Saksham Narang,escalation_specialist,83,full_time,day,44,51100,0.91,0.06,true
95,1,15,,6,Nitara Natt,escalation_specialist,83,full_time,swing,3,40952,0.86,0.1,true
96,1,15,,6,Ojas Srivastava,escalation_specialist,83,full_time,swing,27,51820,0.91,0.1,true
97,1,15,,6,Chakradev Sodhi,escalation_specialist,83,full_time,swing,33,33480,0.95,0.08,true
98,1,15,,6,Banjeet Modi,escalation_specialist,83,full_time,day,2,28929,0.83,0.1,true
99,1,16,1,1,Jeet Patla,dark_store_manager,14,full_time,day,37,50421,1.13,0.05,true
100,1,17,1,1,Faris Sinha,inventory_lead,99,full_time,day,12,44188,1.08,0.05,true
101,1,18,1,1,Yashvi Bumb,fleet_manager,14,full_time,day,6,53563,1.02,0.08,true
102,1,16,1,1,Azaan Prabhakar,shift_lead,99,full_time,morning,8,30941,1.04,0.08,true
103,1,16,1,1,Pranav Prabhakar,shift_lead,99,full_time,evening,7,31388,0.87,0.08,true
104,1,16,1,1,Ayushman Chokshi,picker,99,full_time,morning,49,17222,0.91,0.08,true
105,1,16,1,1,Pavani Pai,picker,99,full_time,evening,5,22380,1.01,0.12,true
106,1,16,1,1,Veer Rao,picker,99,full_time,morning,36,19132,1.03,0.17,true
107,1,16,1,1,Benjamin Bassi,picker,99,full_time,evening,1,19657,1.03,0.14,true
108,1,16,1,1,Idika Taneja,picker,99,full_time,morning,31,19372,0.74,0.08,true
109,1,16,1,1,Tanish Tara,picker,99,full_time,evening,39,20490,0.95,0.15,true
110,1,16,1,1,Vanya Vig,picker,99,full_time,evening,36,19153,0.89,0.07,true
111,1,16,1,1,Simon Gala,picker,99,contract,morning,34,16821,0.82,0.05,true
112,1,16,1,1,Elijah Sanghvi,picker,99,contract,evening,5,23847,1.02,0.15,true
113,1,16,1,1,Aayush Kata,picker,99,contract,morning,18,23434,0.84,0.16,true
114,1,16,1,1,Harrison Basak,packer,99,contract,evening,19,21584,0.93,0.1,true
115,1,16,1,1,Priya Vora,packer,99,full_time,morning,45,23504,0.96,0.08,true
116,1,16,1,1,Yochana Karnik,packer,99,full_time,evening,26,21081,0.97,0.13,true
117,1,16,1,1,Ekani Chand,packer,99,contract,morning,41,19240,0.78,0.13,true
118,1,16,1,1,Sanya Mital,packer,99,contract,morning,14,23316,0.72,0.17,true
119,1,16,1,1,Brinda Bali,packer,99,contract,morning,47,17299,0.95,0.07,true
120,1,16,1,1,Charita Goel,packer,99,full_time,morning,33,19987,0.82,0.16,true
121,1,16,1,1,Parth Sankar,packer,99,contract,morning,24,17192,0.78,0.15,true
122,1,16,1,1,Yashoda Narayan,packer,99,full_time,evening,13,16762,1.08,0.15,true
123,1,16,1,1,Lajita Garde,packer,99,contract,evening,14,16027,0.85,0.08,true
124,1,17,1,1,Barkha Sarma,inventory_associate,100,contract,evening,32,18939,1.02,0.13,true
125,1,17,1,1,Hema Rajagopalan,inventory_associate,100,full_time,evening,42,19281,1.03,0.07,true
126,1,17,1,1,Caleb Andra,inventory_associate,100,contract,morning,51,18262,1.05,0.14,true
127,1,17,1,1,Anvi Dhingra,inventory_associate,100,full_time,morning,52,19740,0.89,0.05,true
128,1,17,1,1,Deepa Sandal,inventory_associate,100,full_time,morning,28,20771,0.91,0.13,true
129,1,19,2,1,Lavanya Taneja,dark_store_manager,14,full_time,day,18,44522,0.96,0.04,true
130,1,20,2,1,Alka Patel,inventory_lead,129,full_time,day,39,37059,0.9,0.09,true
131,1,21,2,1,Turvi Bal,fleet_manager,14,full_time,day,38,50019,1.07,0.05,true
132,1,19,2,1,Bimala Kade,shift_lead,129,full_time,morning,13,33056,0.85,0.09,true
133,1,19,2,1,Christopher Amble,shift_lead,129,full_time,evening,7,28966,0.94,0.09,true
134,1,19,2,1,Kala Bhat,picker,129,full_time,morning,47,21273,0.99,0.19,true
135,1,19,2,1,Yachana Bansal,picker,129,contract,morning,21,16071,0.97,0.05,true
136,1,19,2,1,Onkar Dubey,picker,129,full_time,morning,18,17916,0.97,0.09,true
137,1,19,2,1,Anamika Garde,picker,129,contract,morning,17,16491,0.8,0.06,true
138,1,19,2,1,Sanaya Batta,picker,129,full_time,evening,26,23073,0.95,0.13,true
139,1,19,2,1,Peter Bail,picker,129,full_time,evening,31,23710,1.0,0.08,true
140,1,19,2,1,Wahab Samra,picker,129,full_time,evening,30,16647,0.74,0.12,true
141,1,19,2,1,Lipika Kata,picker,129,contract,morning,51,23114,0.75,0.13,true
142,1,19,2,1,Kamya Salvi,picker,129,contract,morning,38,20356,1.09,0.07,true
143,1,19,2,1,Eesha Sarin,picker,129,full_time,morning,9,17524,0.88,0.13,true
144,1,19,2,1,Omya Varma,picker,129,contract,morning,10,18172,1.07,0.17,true
145,1,19,2,1,Guneet Chawla,picker,129,full_time,evening,14,21351,0.96,0.18,true
146,1,19,2,1,Laksh Vala,packer,129,contract,morning,7,22252,0.85,0.08,true
147,1,19,2,1,Ikbal Kannan,packer,129,full_time,evening,26,23994,0.97,0.14,true
148,1,19,2,1,Anjali Sekhon,packer,129,contract,evening,11,16027,0.97,0.18,true
149,1,19,2,1,Faras Narayanan,packer,129,full_time,evening,52,22596,0.76,0.18,true
150,1,19,2,1,Dayamai Narayan,packer,129,full_time,evening,29,22762,0.94,0.16,true
151,1,19,2,1,Lajita Wali,packer,129,contract,evening,32,22741,1.1,0.15,true
152,1,19,2,1,Lipika Chandra,packer,129,contract,morning,36,18842,1.03,0.15,true
153,1,19,2,1,Riya Ravi,packer,129,contract,evening,24,23358,0.83,0.14,true
154,1,20,2,1,Hredhaan Modi,inventory_associate,130,contract,evening,1,25798,0.95,0.07,true
155,1,20,2,1,Samar Sachdev,inventory_associate,130,full_time,evening,9,22752,0.94,0.05,true
156,1,20,2,1,Ekbal Lad,inventory_associate,130,full_time,morning,43,18461,0.83,0.08,true
157,1,22,3,1,Yadavi Ravi,dark_store_manager,14,full_time,day,32,61688,1.14,0.12,true
158,1,23,3,1,Harsh Sahota,inventory_lead,157,full_time,day,36,38969,0.96,0.08,true
159,1,24,3,1,Eiravati Walia,fleet_manager,14,full_time,day,47,38553,1.03,0.07,true
160,1,22,3,1,Dalbir Bhatia,shift_lead,157,full_time,evening,27,30442,0.97,0.1,true
161,1,22,3,1,Chandani Khanna,shift_lead,157,full_time,morning,16,36403,0.83,0.1,true
162,1,22,3,1,Geetika Chaudry,picker,157,full_time,morning,40,20416,1.06,0.16,true
163,1,22,3,1,Bina Rana,picker,157,full_time,morning,52,18191,1.02,0.13,true
164,1,22,3,1,Prisha Korpal,picker,157,full_time,morning,48,18376,0.72,0.12,true
165,1,22,3,1,Anamika Dara,picker,157,contract,evening,10,18486,1.04,0.07,true
166,1,22,3,1,Henry Balasubramanian,picker,157,full_time,morning,38,22513,0.74,0.1,true
167,1,22,3,1,Hema Shroff,picker,157,full_time,morning,32,20850,0.79,0.11,true
168,1,22,3,1,Pranit Sagar,picker,157,full_time,evening,2,22579,0.77,0.07,true
169,1,22,3,1,Warjas Pau,picker,157,full_time,evening,50,23183,1.0,0.06,true
170,1,22,3,1,Aarnav Iyengar,picker,157,full_time,morning,1,17098,1.03,0.19,true
171,1,22,3,1,Anay Chaudhari,picker,157,contract,morning,11,16271,0.96,0.12,true
172,1,22,3,1,Saksham Doshi,picker,157,contract,morning,14,17036,1.03,0.19,true
173,1,22,3,1,Jalsa Chowdhury,picker,157,full_time,morning,6,17714,0.75,0.13,true
174,1,22,3,1,Devansh Reddy,picker,157,contract,evening,7,21050,1.08,0.11,true
175,1,22,3,1,Aayush Bedi,picker,157,contract,evening,28,21531,0.83,0.07,true
176,1,22,3,1,Widisha Kalita,picker,157,contract,evening,14,21683,0.78,0.1,true
177,1,22,3,1,Siddharth Srivastava,packer,157,full_time,evening,32,23727,0.75,0.09,true
178,1,22,3,1,Chakradev Cherian,packer,157,contract,evening,20,18678,0.96,0.13,true
179,1,22,3,1,Jagdish Sani,packer,157,full_time,evening,8,16677,1.05,0.17,true
180,1,22,3,1,Harini Maharaj,packer,157,contract,morning,20,22924,0.9,0.2,true
181,1,22,3,1,Urvashi Ganesh,packer,157,full_time,morning,44,20474,0.88,0.13,true
182,1,22,3,1,Yamini Batta,packer,157,contract,evening,43,21596,1.07,0.16,true
183,1,22,3,1,Lipika Sani,packer,157,contract,morning,5,23075,0.88,0.16,true
184,1,22,3,1,Zarna Mammen,packer,157,contract,morning,15,21610,1.09,0.11,true
185,1,22,3,1,Niharika More,packer,157,full_time,morning,47,21460,0.86,0.16,true
186,1,23,3,1,Zilmil Wadhwa,inventory_associate,158,full_time,evening,21,25422,0.77,0.12,true
187,1,23,3,1,Gautami Khurana,inventory_associate,158,full_time,evening,46,22748,0.88,0.14,true
188,1,23,3,1,Vasudha Kata,inventory_associate,158,full_time,evening,17,24809,0.93,0.14,true
189,1,23,3,1,Mason Karpe,inventory_associate,158,full_time,morning,41,21843,0.87,0.06,true
190,1,23,3,1,Harita Gaba,inventory_associate,158,contract,morning,31,25357,1.0,0.05,true
191,1,25,4,1,Rehaan Nagarajan,dark_store_manager,14,full_time,day,18,49427,1.04,0.11,true
192,1,26,4,1,Forum Mittal,inventory_lead,191,full_time,day,22,45762,0.9,0.06,true
193,1,27,4,1,Matthew Palla,fleet_manager,14,full_time,day,28,36686,0.96,0.11,true
194,1,25,4,1,Omya Dhar,shift_lead,191,full_time,evening,20,28262,0.85,0.14,true
195,1,25,4,1,Forum Kala,shift_lead,191,full_time,morning,12,30679,0.86,0.05,true
196,1,25,4,1,Lakshmi Rajagopalan,picker,191,full_time,morning,32,18109,0.76,0.11,true
197,1,25,4,1,Warjas Dara,picker,191,contract,evening,15,17320,1.08,0.08,true
198,1,25,4,1,Sachi Hari,picker,191,full_time,evening,44,16736,0.79,0.07,true
199,1,25,4,1,Qushi Agrawal,picker,191,full_time,morning,47,16075,0.84,0.09,true
200,1,25,4,1,Ayushman Jha,picker,191,contract,morning,36,23673,1.08,0.12,true
201,1,25,4,1,Harshil Sekhon,picker,191,contract,morning,40,16777,0.97,0.17,true
202,1,25,4,1,Ryan Dugar,picker,191,contract,evening,30,23529,0.93,0.1,true
203,1,25,4,1,Aadhya Magar,picker,191,full_time,morning,21,19688,1.09,0.14,true
204,1,25,4,1,Samesh Srinivasan,picker,191,contract,evening,17,16199,1.09,0.09,true
205,1,25,4,1,Janani Srinivasan,picker,191,contract,evening,28,16410,1.09,0.18,true
206,1,25,4,1,Ethan Lalla,picker,191,full_time,evening,2,18257,1.08,0.07,true
207,1,25,4,1,Qushi Minhas,picker,191,contract,evening,3,17557,0.76,0.06,true
208,1,25,4,1,Bhavna Dhillon,picker,191,contract,morning,10,22827,1.07,0.07,true
209,1,25,4,1,Ronith Seshadri,picker,191,contract,morning,8,18858,0.92,0.16,true
210,1,25,4,1,Hema Wadhwa,picker,191,contract,evening,52,19414,0.8,0.1,true
211,1,25,4,1,Bhanumati Joshi,packer,191,contract,evening,52,22837,1.05,0.07,true
212,1,25,4,1,Arin Lad,packer,191,full_time,evening,19,20636,1.05,0.11,true
213,1,25,4,1,David Oak,packer,191,contract,evening,44,19107,0.88,0.17,true
214,1,25,4,1,Gaurav Gade,packer,191,full_time,morning,3,18691,0.92,0.1,true
215,1,25,4,1,Triveni Arya,packer,191,contract,morning,36,16223,0.75,0.12,true
216,1,25,4,1,Leena Sule,packer,191,full_time,evening,6,21028,0.96,0.16,true
217,1,25,4,1,Yasti Gandhi,packer,191,full_time,evening,44,20359,0.93,0.1,true
218,1,26,4,1,Ayushman Joshi,inventory_associate,192,contract,morning,10,20605,0.86,0.12,true
219,1,26,4,1,Kashish Anand,inventory_associate,192,full_time,evening,44,23359,1.04,0.1,true
220,1,26,4,1,Darika Raju,inventory_associate,192,contract,evening,15,19952,0.98,0.13,true
221,1,26,4,1,Lekha Thakur,inventory_associate,192,full_time,evening,49,24413,0.84,0.15,true
222,1,28,5,1,Nimrat Saxena,dark_store_manager,14,full_time,day,26,51389,0.98,0.11,true
223,1,29,5,1,Rajata Dixit,inventory_lead,222,full_time,day,31,41569,0.87,0.05,true
224,1,30,5,1,Vamakshi Kant,fleet_manager,14,full_time,day,17,49944,0.97,0.09,true
225,1,28,5,1,Sachi Barad,shift_lead,222,full_time,morning,48,25510,0.89,0.11,true
226,1,28,5,1,Baghyawati Venkataraman,shift_lead,222,full_time,evening,49,33913,0.98,0.09,true
227,1,28,5,1,Netra Sachar,picker,222,full_time,morning,35,16766,0.76,0.17,true
228,1,28,5,1,Pallavi Sant,picker,222,contract,evening,4,17270,0.85,0.12,true
229,1,28,5,1,Dalbir Kari,picker,222,contract,morning,19,17408,0.82,0.08,true
230,1,28,5,1,Balendra Babu,picker,222,contract,evening,17,19303,0.97,0.17,true
231,1,28,5,1,Patrick Chana,picker,222,contract,morning,34,16364,0.73,0.07,true
232,1,28,5,1,Kabir Krishnamurthy,picker,222,contract,evening,44,21366,1.09,0.16,true
233,1,28,5,1,Rachit Prabhu,picker,222,contract,morning,30,17515,1.01,0.18,true
234,1,28,5,1,Abha Butala,picker,222,contract,evening,10,19466,0.89,0.07,true
235,1,28,5,1,Ekbal Choudhary,packer,222,contract,morning,35,23394,0.88,0.17,true
236,1,28,5,1,Lavanya More,packer,222,full_time,morning,8,21253,0.86,0.1,true
237,1,28,5,1,Hredhaan Seshadri,packer,222,full_time,evening,44,22388,0.97,0.11,true
238,1,28,5,1,Chameli Prabhu,packer,222,full_time,evening,14,21127,0.81,0.1,true
239,1,28,5,1,Yash Agrawal,packer,222,contract,evening,50,16910,1.01,0.06,true
240,1,28,5,1,Wishi Chakrabarti,packer,222,contract,evening,35,23787,1.0,0.09,true
241,1,29,5,1,Urishilla Bora,inventory_associate,223,contract,evening,39,19012,1.05,0.06,true
242,1,29,5,1,Devansh Sharaf,inventory_associate,223,full_time,morning,36,21504,0.93,0.13,true
243,1,29,5,1,Gavin Raja,inventory_associate,223,full_time,morning,23,20351,0.92,0.05,true
244,1,31,6,1,Veer Misra,dark_store_manager,14,full_time,day,39,53461,1.1,0.09,true
245,1,32,6,1,Sanya Varma,inventory_lead,244,full_time,day,15,32330,0.91,0.07,true
246,1,33,6,1,Rohan Bajwa,fleet_manager,14,full_time,day,12,48130,0.87,0.08,true
247,1,31,6,1,Nisha Bassi,shift_lead,244,full_time,evening,6,34832,1.06,0.07,true
248,1,31,6,1,Liam Chokshi,shift_lead,244,full_time,morning,37,26979,0.93,0.09,true
249,1,31,6,1,Pooja Randhawa,picker,244,contract,evening,1,21612,1.09,0.12,true
250,1,31,6,1,Bhavika Rajan,picker,244,full_time,morning,17,23804,1.08,0.13,true
251,1,31,6,1,Timothy Deshpande,picker,244,full_time,evening,43,20041,0.88,0.16,true
252,1,31,6,1,Anya Kibe,picker,244,contract,morning,2,17361,0.76,0.11,true
253,1,31,6,1,Advika Walla,picker,244,full_time,evening,49,18808,0.73,0.09,true
254,1,31,6,1,Chatresh Raju,picker,244,contract,morning,52,22696,1.0,0.09,true
255,1,31,6,1,Devansh Gupta,picker,244,full_time,morning,35,16684,0.92,0.14,true
256,1,31,6,1,Indira Gulati,picker,244,contract,evening,23,22413,0.93,0.14,true
257,1,31,6,1,Daksha Ramanathan,picker,244,full_time,evening,30,20605,1.04,0.08,true
258,1,31,6,1,Ekani Lad,packer,244,full_time,evening,23,16792,0.93,0.17,true
259,1,31,6,1,Liam Nagar,packer,244,full_time,evening,28,20783,0.83,0.07,true
260,1,31,6,1,Advay Konda,packer,244,full_time,evening,7,18210,1.09,0.17,true
261,1,31,6,1,Tanish Sanghvi,packer,244,contract,morning,40,18915,0.75,0.15,true
262,1,31,6,1,Waida Rau,packer,244,full_time,evening,38,23209,0.95,0.17,true
263,1,31,6,1,Logan Randhawa,packer,244,full_time,evening,36,17895,1.07,0.07,true
264,1,32,6,1,Chaaya Mital,inventory_associate,245,contract,morning,39,25590,0.79,0.14,true
265,1,32,6,1,Tanveer Ahuja,inventory_associate,245,contract,evening,44,25668,0.84,0.05,true
266,1,32,6,1,Jatin Dutt,inventory_associate,245,contract,evening,25,19775,0.89,0.1,true
267,1,34,7,1,Isaiah Parmar,dark_store_manager,14,full_time,day,43,58272,1.14,0.12,true
268,1,35,7,1,Caleb Upadhyay,inventory_lead,267,full_time,day,33,39288,1.01,0.06,true
269,1,36,7,1,Anvi Nadig,fleet_manager,14,full_time,day,14,50969,1.0,0.07,true
270,1,34,7,1,Kamya Dhingra,shift_lead,267,full_time,morning,34,28736,0.84,0.1,true
271,1,34,7,1,Oscar Venkatesh,shift_lead,267,full_time,morning,1,34622,0.85,0.13,true
272,1,34,7,1,Samaksh Chander,picker,267,full_time,morning,12,20146,0.73,0.1,true
273,1,34,7,1,Theodore Sinha,picker,267,full_time,evening,39,17412,0.83,0.17,true
274,1,34,7,1,Shivansh Aggarwal,picker,267,contract,morning,40,21244,0.95,0.08,true
275,1,34,7,1,Xiti Karan,picker,267,full_time,morning,14,16162,0.85,0.14,true
276,1,34,7,1,Rajeshri Tandon,picker,267,full_time,evening,36,22064,0.97,0.13,true
277,1,34,7,1,Vivaan Date,picker,267,full_time,evening,6,23361,1.01,0.09,true
278,1,34,7,1,Qushi Dugar,picker,267,full_time,evening,39,22582,0.75,0.15,true
279,1,34,7,1,Tristan Samra,picker,267,contract,evening,38,17934,0.97,0.08,true
280,1,34,7,1,Azad Suri,picker,267,full_time,morning,26,22469,0.75,0.15,true
281,1,34,7,1,Lohit Kala,picker,267,full_time,morning,44,20084,0.74,0.13,true
282,1,34,7,1,Finn Khurana,picker,267,contract,morning,9,23068,1.09,0.18,true
283,1,34,7,1,Pooja Nigam,picker,267,contract,evening,14,21684,0.78,0.13,true
284,1,34,7,1,Ucchal Mahal,packer,267,full_time,evening,20,17549,1.03,0.14,true
285,1,34,7,1,Victor Butala,packer,267,contract,morning,40,16141,0.98,0.16,true
286,1,34,7,1,Ronith Bandi,packer,267,contract,morning,48,20358,0.99,0.09,true
287,1,34,7,1,Nathaniel Borde,packer,267,contract,evening,42,16761,1.02,0.14,true
288,1,34,7,1,Henry Kale,packer,267,full_time,morning,15,19131,0.97,0.1,true
289,1,34,7,1,Keya Char,packer,267,contract,evening,34,17700,0.88,0.15,true
290,1,34,7,1,Sanya Dewan,packer,267,full_time,evening,25,20908,1.09,0.18,true
291,1,34,7,1,Yasti Morar,packer,267,full_time,evening,28,23665,1.03,0.17,true
292,1,34,7,1,Guneet Deshmukh,packer,267,full_time,morning,26,22878,1.05,0.12,true
293,1,34,7,1,Qushi Deep,packer,267,contract,morning,34,19081,0.8,0.05,true
294,1,35,7,1,Abhiram Bail,inventory_associate,268,contract,morning,41,23377,0.75,0.07,true
295,1,35,7,1,Zilmil Bath,inventory_associate,268,full_time,morning,18,25174,1.0,0.12,true
296,1,35,7,1,Vivaan Magar,inventory_associate,268,contract,evening,9,20156,1.04,0.11,true
297,1,35,7,1,Robert Lad,inventory_associate,268,full_time,morning,10,19363,1.03,0.11,true
298,1,35,7,1,Sarthak Rama,inventory_associate,268,full_time,morning,37,21998,1.04,0.12,true
299,1,37,8,2,Sarthak Shere,dark_store_manager,27,full_time,day,1,56658,1.12,0.04,true
300,1,38,8,2,Zaitra Bains,inventory_lead,299,full_time,day,11,40019,1.07,0.05,true
301,1,39,8,2,Manya Sridhar,fleet_manager,27,full_time,day,34,48247,0.93,0.12,true
302,1,37,8,2,Harish Gopal,shift_lead,299,full_time,morning,22,34659,1.08,0.06,true
303,1,37,8,2,Ubika Brar,shift_lead,299,full_time,morning,41,29315,1.05,0.13,true
304,1,37,8,2,Gopal Sridhar,picker,299,full_time,evening,49,22755,0.89,0.1,true
305,1,37,8,2,Owen Boase,picker,299,full_time,morning,15,17490,1.04,0.13,true
306,1,37,8,2,Yashodhara Datta,picker,299,full_time,evening,41,22441,1.05,0.07,true
307,1,37,8,2,Veer Wali,picker,299,contract,morning,8,19987,0.97,0.05,true
308,1,37,8,2,Ishwar Rana,picker,299,contract,evening,6,16957,0.99,0.16,true
309,1,37,8,2,Robert Devan,picker,299,full_time,morning,33,18394,1.04,0.13,true
310,1,37,8,2,Pahal Varty,picker,299,contract,morning,27,23177,1.1,0.08,true
311,1,37,8,2,Elijah Dhaliwal,picker,299,contract,evening,43,20726,1.09,0.08,true
312,1,37,8,2,Darika Raja,packer,299,full_time,morning,36,20052,0.96,0.09,true
313,1,37,8,2,Netra Kala,packer,299,full_time,morning,36,20165,1.06,0.08,true
314,1,37,8,2,Warjas Gour,packer,299,full_time,morning,38,18125,0.99,0.17,true
315,1,37,8,2,Balvan Chandran,packer,299,full_time,morning,39,16797,1.0,0.13,true
316,1,37,8,2,Wyatt Hegde,packer,299,full_time,morning,5,17501,0.72,0.2,true
317,1,38,8,2,Kabir Kumer,inventory_associate,300,contract,morning,35,20184,1.01,0.12,true
318,1,38,8,2,Aarini Golla,inventory_associate,300,contract,morning,13,23033,0.76,0.09,true
319,1,40,9,2,Indali Gara,dark_store_manager,27,full_time,day,50,55763,1.02,0.09,true
320,1,41,9,2,Yochana Basu,inventory_lead,319,full_time,day,44,46962,1.01,0.1,true
321,1,42,9,2,Girindra Dasgupta,fleet_manager,27,full_time,day,4,37818,0.99,0.09,true
322,1,40,9,2,Yashawini Sibal,shift_lead,319,full_time,morning,13,24677,1.07,0.1,true
323,1,40,9,2,Bhavya Narula,shift_lead,319,full_time,evening,39,24974,0.93,0.12,true
324,1,40,9,2,Yoshita Palla,picker,319,contract,evening,8,21484,1.01,0.1,true
325,1,40,9,2,Idika Dash,picker,319,full_time,morning,28,20464,0.84,0.18,true
326,1,40,9,2,Aadhya Patla,picker,319,contract,morning,32,23250,0.89,0.05,true
327,1,40,9,2,Barkha Chada,picker,319,full_time,morning,10,17628,0.73,0.16,true
328,1,40,9,2,Meghana Agate,picker,319,full_time,morning,7,19072,0.77,0.12,true
329,1,40,9,2,Yatin Dasgupta,picker,319,full_time,morning,9,19316,0.99,0.17,true
330,1,40,9,2,Suhani Devi,picker,319,full_time,evening,49,20232,0.74,0.1,true
331,1,40,9,2,Teerth Kar,picker,319,full_time,evening,48,21818,0.96,0.14,true
332,1,40,9,2,Daksh Kota,picker,319,contract,morning,8,21102,0.93,0.09,true
333,1,40,9,2,Ekanta Tandon,picker,319,contract,evening,21,22948,0.85,0.12,true
334,1,40,9,2,Simon Sha,picker,319,full_time,evening,20,22980,0.87,0.05,true
335,1,40,9,2,Faras Sheth,picker,319,contract,evening,1,23146,0.85,0.13,true
336,1,40,9,2,Chavvi Roy,picker,319,full_time,morning,13,17621,0.8,0.07,true
337,1,40,9,2,Ishaan Thakur,picker,319,contract,evening,9,16271,0.73,0.13,true
338,1,40,9,2,Wahab Bera,picker,319,full_time,evening,23,16248,0.93,0.06,true
339,1,40,9,2,Reyansh Bajwa,packer,319,contract,morning,36,16379,1.02,0.16,true
340,1,40,9,2,Frado Bala,packer,319,contract,morning,16,18517,0.91,0.07,true
341,1,40,9,2,Amara Kalla,packer,319,full_time,morning,22,23472,0.82,0.07,true
342,1,40,9,2,Chatresh Mannan,packer,319,full_time,evening,30,23220,0.92,0.07,true
343,1,40,9,2,Turvi Prasad,packer,319,full_time,morning,11,21585,0.94,0.06,true
344,1,40,9,2,Luke Mitter,packer,319,full_time,evening,16,20755,1.03,0.16,true
345,1,40,9,2,Sachi Babu,packer,319,full_time,morning,5,22049,1.01,0.15,true
346,1,40,9,2,Charan Lala,packer,319,full_time,morning,31,22073,1.06,0.07,true
347,1,40,9,2,Janani Butala,packer,319,full_time,evening,31,17774,1.07,0.15,true
348,1,40,9,2,Waida Goswami,packer,319,contract,evening,19,16535,0.86,0.11,true
349,1,40,9,2,Amrita Keer,packer,319,full_time,evening,33,17952,1.0,0.12,true
350,1,41,9,2,Avi Dewan,inventory_associate,320,contract,evening,4,19247,0.76,0.11,true
351,1,41,9,2,Noah Rajagopal,inventory_associate,320,full_time,evening,9,24639,0.9,0.15,true
352,1,41,9,2,Ekbal Das,inventory_associate,320,full_time,evening,52,24497,1.06,0.09,true
353,1,41,9,2,Ekbal Ahluwalia,inventory_associate,320,contract,morning,7,18994,0.75,0.1,true
354,1,43,10,2,Urishilla Saxena,dark_store_manager,27,full_time,day,6,75701,1.11,0.06,true
355,1,44,10,2,Samarth Gara,inventory_lead,354,full_time,day,36,36606,0.93,0.07,true
356,1,45,10,2,Andrew Taneja,fleet_manager,27,full_time,day,47,36908,1.0,0.08,true
357,1,43,10,2,Shivani Gera,shift_lead,354,full_time,morning,18,28488,1.01,0.06,true
358,1,43,10,2,Jonathan Cherian,shift_lead,354,full_time,morning,15,34616,1.01,0.14,true
359,1,43,10,2,Ranveer Hegde,picker,354,full_time,morning,45,18341,1.08,0.17,true
360,1,43,10,2,Shaurya Bumb,picker,354,contract,evening,4,20209,1.05,0.06,true
361,1,43,10,2,Ira Subramanian,picker,354,full_time,evening,15,20620,0.95,0.1,true
362,1,43,10,2,Hritik Saini,picker,354,full_time,morning,5,16247,0.75,0.19,true
363,1,43,10,2,Sudiksha Vala,picker,354,full_time,morning,33,16688,0.75,0.2,true
364,1,43,10,2,Pavani Manda,picker,354,contract,morning,30,19972,0.84,0.11,true
365,1,43,10,2,Lakshit Pillai,picker,354,full_time,evening,15,18500,1.08,0.08,true
366,1,43,10,2,Inaya Kadakia,picker,354,contract,morning,17,16725,1.03,0.15,true
367,1,43,10,2,Aashi Patel,picker,354,full_time,evening,52,17833,1.03,0.08,true
368,1,43,10,2,Ayaan Ramaswamy,picker,354,contract,evening,21,17728,1.04,0.05,true
369,1,43,10,2,Gautam Khurana,picker,354,contract,morning,45,23058,1.09,0.15,true
370,1,43,10,2,Leena Setty,picker,354,contract,evening,45,18260,1.06,0.14,true
371,1,43,10,2,Eta Vasa,picker,354,full_time,morning,33,18947,1.08,0.18,true
372,1,43,10,2,Naksh Pillai,picker,354,full_time,evening,52,17630,0.91,0.07,true
373,1,43,10,2,Fitan Deo,picker,354,full_time,morning,51,17880,0.85,0.17,true
374,1,43,10,2,Unni Arya,picker,354,contract,evening,45,18946,0.93,0.15,true
375,1,43,10,2,Vanya Bath,packer,354,full_time,evening,48,18541,0.82,0.16,true
376,1,43,10,2,Jagat Sani,packer,354,full_time,evening,25,23143,0.88,0.14,true
377,1,43,10,2,Victor Purohit,packer,354,full_time,morning,33,18004,0.99,0.12,true
378,1,43,10,2,Aadhya Subramanian,packer,354,contract,evening,47,23203,0.95,0.07,true
379,1,43,10,2,Faqid Sachdeva,packer,354,full_time,evening,39,22636,1.0,0.14,true
380,1,43,10,2,Lavanya Gole,packer,354,contract,evening,50,18396,1.0,0.05,true
381,1,43,10,2,Nirja Halder,packer,354,full_time,morning,36,22017,0.89,0.08,true
382,1,43,10,2,Siddharth Pau,packer,354,full_time,morning,47,16814,0.73,0.17,true
383,1,43,10,2,Megha Nanda,packer,354,contract,evening,20,21914,0.99,0.07,true
384,1,43,10,2,Agastya Halder,packer,354,contract,morning,41,21287,1.03,0.19,true
385,1,43,10,2,Lekha Chaudry,packer,354,contract,morning,23,16977,1.02,0.17,true
386,1,44,10,2,Nidhi Lal,inventory_associate,355,full_time,morning,9,23924,1.0,0.05,true
387,1,44,10,2,Lakshit Singh,inventory_associate,355,full_time,morning,2,21292,0.8,0.14,true
388,1,44,10,2,Laksh Gala,inventory_associate,355,contract,evening,3,21273,1.05,0.05,true
389,1,44,10,2,Luke Sood,inventory_associate,355,contract,morning,27,24028,0.82,0.05,true
390,1,44,10,2,Hemangini Malhotra,inventory_associate,355,contract,morning,17,19431,1.02,0.05,true
391,1,44,10,2,Bhavna Natarajan,inventory_associate,355,full_time,evening,28,24311,1.01,0.04,true
392,1,44,10,2,Tanish Nadkarni,inventory_associate,355,contract,evening,37,25219,1.08,0.13,true
393,1,46,11,2,Qushi Bail,dark_store_manager,27,full_time,day,52,70535,1.01,0.11,true
394,1,47,11,2,Orinder Sethi,inventory_lead,393,full_time,day,27,37860,1.1,0.04,true
395,1,48,11,2,Abha Char,fleet_manager,27,full_time,day,7,58149,0.97,0.07,true
396,1,46,11,2,Tristan Hegde,shift_lead,393,full_time,morning,7,30267,1.08,0.11,true
397,1,46,11,2,Nikita Dewan,shift_lead,393,full_time,morning,46,37169,0.84,0.09,true
398,1,46,11,2,Bachittar Verma,picker,393,full_time,morning,32,19001,0.89,0.1,true
399,1,46,11,2,Vritti Kurian,picker,393,full_time,evening,9,19224,0.96,0.14,true
400,1,46,11,2,Odika Sanghvi,picker,393,full_time,morning,31,21007,1.09,0.19,true
401,1,46,11,2,Vivaan Edwin,picker,393,contract,evening,22,19946,0.8,0.14,true
402,1,46,11,2,Damini Hegde,picker,393,contract,evening,18,17404,0.95,0.15,true
403,1,46,11,2,Gautam Ghose,picker,393,contract,morning,36,18018,0.99,0.09,true
404,1,46,11,2,Joshua Gokhale,picker,393,full_time,evening,16,19035,0.86,0.05,true
405,1,46,11,2,Aditya Mukhopadhyay,picker,393,contract,evening,20,22712,0.89,0.09,true
406,1,46,11,2,Gaurika Mallick,packer,393,full_time,morning,9,19445,0.74,0.1,true
407,1,46,11,2,Vrinda Cherian,packer,393,full_time,evening,7,22958,0.98,0.15,true
408,1,46,11,2,Sarthak Chandran,packer,393,full_time,evening,6,23805,1.03,0.17,true
409,1,46,11,2,Januja Prashad,packer,393,contract,morning,45,18096,0.74,0.13,true
410,1,47,11,2,Ikshita More,inventory_associate,394,full_time,morning,17,22446,0.81,0.05,true
411,1,47,11,2,Daniel Narain,inventory_associate,394,full_time,evening,22,20895,0.78,0.09,true
412,1,49,12,2,Bhanumati Bala,dark_store_manager,27,full_time,day,51,70857,0.94,0.1,true
413,1,50,12,2,Kamala Lad,inventory_lead,412,full_time,day,25,35348,0.9,0.07,true
414,1,51,12,2,Kai Lala,fleet_manager,27,full_time,day,28,45035,0.87,0.08,true
415,1,49,12,2,Ojasvi Pant,shift_lead,412,full_time,evening,23,35073,1.02,0.05,true
416,1,49,12,2,Chandresh Bhatnagar,shift_lead,412,full_time,evening,8,31337,0.85,0.07,true
417,1,49,12,2,Anmol Majumdar,picker,412,contract,morning,7,22561,1.01,0.11,true
418,1,49,12,2,Naveen Sura,picker,412,contract,morning,19,23138,0.91,0.14,true
419,1,49,12,2,Chakradhar Gupta,picker,412,contract,evening,12,16367,0.94,0.15,true
420,1,49,12,2,Gautam Roy,picker,412,full_time,evening,36,16459,0.97,0.13,true
421,1,49,12,2,Mitesh Krish,picker,412,full_time,evening,27,17145,0.72,0.12,true
422,1,49,12,2,Qushi Kunda,picker,412,contract,evening,24,18368,0.88,0.14,true
423,1,49,12,2,Jagdish Palla,picker,412,full_time,morning,44,17434,0.86,0.1,true
424,1,49,12,2,Aahana Sahota,picker,412,full_time,morning,16,21882,0.89,0.13,true
425,1,49,12,2,Timothy Padmanabhan,picker,412,full_time,evening,10,22065,0.97,0.13,true
426,1,49,12,2,Unni Panchal,picker,412,contract,evening,49,16025,0.78,0.14,true
427,1,49,12,2,Yuvraj Mandal,picker,412,full_time,morning,41,23882,0.76,0.19,true
428,1,49,12,2,Aarini Rao,picker,412,contract,morning,32,18888,1.0,0.2,true
429,1,49,12,2,Yamini Natt,packer,412,full_time,morning,30,20284,1.01,0.2,true
430,1,49,12,2,Omisha Peri,packer,412,full_time,evening,48,20460,0.87,0.11,true
431,1,49,12,2,Sarthak Bassi,packer,412,full_time,evening,32,22813,0.86,0.19,true
432,1,49,12,2,Arunima Nagy,packer,412,full_time,morning,9,22713,0.86,0.11,true
433,1,49,12,2,Benjamin Bala,packer,412,contract,morning,13,22965,1.0,0.13,true
434,1,49,12,2,Vansha Madan,packer,412,full_time,evening,18,22760,1.03,0.11,true
435,1,49,12,2,Aarna Chacko,packer,412,full_time,evening,48,18580,0.82,0.09,true
436,1,49,12,2,Manan Pall,packer,412,full_time,evening,36,18613,0.76,0.09,true
437,1,49,12,2,Jhalak Tripathi,packer,412,full_time,evening,43,17647,1.04,0.13,true
438,1,50,12,2,Tarak Dube,inventory_associate,413,contract,evening,26,18607,1.04,0.06,true
439,1,50,12,2,Gautami Kuruvilla,inventory_associate,413,contract,evening,11,18471,0.88,0.11,true
440,1,50,12,2,Upma Wagle,inventory_associate,413,contract,evening,28,22626,0.93,0.15,true
441,1,52,13,2,Yamini Randhawa,dark_store_manager,27,full_time,day,28,59895,1.01,0.11,true
442,1,53,13,2,William Vyas,inventory_lead,441,full_time,day,1,45176,0.97,0.06,true
443,1,54,13,2,Irya Madan,fleet_manager,27,full_time,day,11,59449,0.98,0.07,true
444,1,52,13,2,Kavya Ravi,shift_lead,441,full_time,morning,14,26359,0.83,0.09,true
445,1,52,13,2,Falak Nath,shift_lead,441,full_time,evening,19,34685,0.96,0.06,true
446,1,52,13,2,Brinda Buch,picker,441,contract,evening,4,23745,0.93,0.15,true
447,1,52,13,2,Aachal Sandal,picker,441,full_time,morning,52,22702,1.01,0.17,true
448,1,52,13,2,Aarnav Chaudhuri,picker,441,contract,evening,18,16519,0.98,0.08,true
449,1,52,13,2,Abha Bhasin,picker,441,full_time,morning,31,17954,0.91,0.19,true
450,1,52,13,2,Yadavi Ratta,picker,441,contract,evening,6,16528,0.78,0.13,true
451,1,52,13,2,Avni Baria,picker,441,contract,morning,51,16562,1.04,0.06,true
452,1,52,13,2,Girik Chaudhry,picker,441,contract,evening,36,23264,0.88,0.09,true
453,1,52,13,2,Anya Bhagat,picker,441,contract,morning,36,16638,0.73,0.08,true
454,1,52,13,2,Hemal Loyal,picker,441,contract,evening,48,16772,0.82,0.1,true
455,1,52,13,2,Bakhshi Lad,picker,441,full_time,morning,30,16673,1.09,0.15,true
456,1,52,13,2,Chakrika Gera,picker,441,contract,evening,47,21886,1.05,0.2,true
457,1,52,13,2,Chatura Johal,picker,441,full_time,morning,38,21905,0.99,0.07,true
458,1,52,13,2,Omisha Lala,picker,441,full_time,morning,47,21952,0.82,0.08,true
459,1,52,13,2,Diya Ahuja,picker,441,full_time,morning,3,16547,1.07,0.14,true
460,1,52,13,2,Anay Chokshi,packer,441,full_time,evening,9,22574,0.92,0.12,true
461,1,52,13,2,Vaishnavi Nagarajan,packer,441,full_time,evening,44,21975,0.93,0.13,true
462,1,52,13,2,Abha Mand,packer,441,contract,morning,46,23539,1.04,0.11,true
463,1,52,13,2,Tripti Goyal,packer,441,full_time,evening,6,18091,0.94,0.16,true
464,1,52,13,2,Yoshita Rau,packer,441,contract,morning,9,17655,0.87,0.08,true
465,1,52,13,2,Manan Sampath,packer,441,full_time,evening,45,17483,0.86,0.17,true
466,1,52,13,2,Noah Parmar,packer,441,contract,morning,33,16177,0.76,0.18,true
467,1,52,13,2,Hardik Sangha,packer,441,full_time,evening,40,23656,0.85,0.12,true
468,1,53,13,2,Viraj Kala,inventory_associate,442,full_time,morning,26,18266,0.84,0.15,true
469,1,53,13,2,Kritika Oak,inventory_associate,442,full_time,evening,36,19231,0.85,0.11,true
470,1,53,13,2,Unni Ram,inventory_associate,442,full_time,evening,34,25646,0.81,0.11,true
471,1,55,14,2,Devika Kala,dark_store_manager,27,full_time,day,43,47110,1.09,0.1,true
472,1,56,14,2,Janani Pandya,inventory_lead,471,full_time,day,21,34558,0.99,0.07,true
473,1,57,14,2,Indrajit Chaudhari,fleet_manager,27,full_time,day,41,41160,0.97,0.08,true
474,1,55,14,2,Manya Zacharia,shift_lead,471,full_time,morning,9,36057,0.82,0.06,true
475,1,55,14,2,Advika Jha,shift_lead,471,full_time,evening,34,29732,0.96,0.1,true
476,1,55,14,2,Vedika Mammen,picker,471,contract,morning,6,18158,0.83,0.14,true
477,1,55,14,2,Arjun Gala,picker,471,full_time,morning,19,23613,0.85,0.16,true
478,1,55,14,2,Abhiram Bhargava,picker,471,full_time,morning,45,22153,0.78,0.09,true
479,1,55,14,2,Qadim Chhabra,picker,471,contract,morning,27,23347,1.02,0.09,true
480,1,55,14,2,Bhavini Tella,picker,471,full_time,morning,37,17759,0.88,0.11,true
481,1,55,14,2,Parth Bandi,picker,471,contract,evening,44,20657,0.78,0.18,true
482,1,55,14,2,Advaith Kannan,picker,471,full_time,morning,13,17275,0.97,0.14,true
483,1,55,14,2,Yashoda Goda,picker,471,full_time,morning,43,20404,0.81,0.16,true
484,1,55,14,2,Ikbal Gala,picker,471,contract,evening,10,20207,0.86,0.07,true
485,1,55,14,2,Oni Tak,picker,471,contract,evening,21,23163,1.08,0.12,true
486,1,55,14,2,Oscar Keer,picker,471,full_time,morning,15,20015,0.87,0.17,true
487,1,55,14,2,Nidhi Jhaveri,picker,471,full_time,morning,48,16345,0.84,0.1,true
488,1,55,14,2,Unnati Manne,packer,471,contract,evening,13,16597,0.76,0.18,true
489,1,55,14,2,Aarnav Loyal,packer,471,full_time,evening,47,17421,0.83,0.19,true
490,1,55,14,2,Harshil Balay,packer,471,contract,evening,8,20494,0.94,0.15,true
491,1,55,14,2,Mohammed Tella,packer,471,full_time,evening,38,20977,0.95,0.16,true
492,1,55,14,2,Lipika Tak,packer,471,contract,evening,5,18437,0.9,0.15,true
493,1,55,14,2,Warda Lad,packer,471,full_time,evening,18,20761,0.86,0.19,true
494,1,55,14,2,Azaan Ganesan,packer,471,full_time,morning,37,20454,1.05,0.09,true
495,1,55,14,2,Mekhala Parmer,packer,471,full_time,evening,44,17279,1.05,0.13,true
496,1,55,14,2,Chakrika Oza,packer,471,full_time,evening,31,18704,0.94,0.1,true
497,1,56,14,2,Zayyan Loke,inventory_associate,472,contract,morning,30,22070,0.83,0.04,true
498,1,56,14,2,David Kothari,inventory_associate,472,full_time,morning,7,25458,1.06,0.05,true
499,1,56,14,2,Advay Chacko,inventory_associate,472,full_time,evening,17,23653,1.07,0.16,true
500,1,56,14,2,Ekani Mann,inventory_associate,472,full_time,evening,6,24954,1.06,0.15,true
501,1,56,14,2,Siddharth Sehgal,inventory_associate,472,full_time,morning,6,21162,0.98,0.1,true
502,1,58,15,3,Radhika Garde,dark_store_manager,41,full_time,day,44,43317,0.93,0.07,true
503,1,59,15,3,Jonathan Srivastava,inventory_lead,502,full_time,day,13,41359,1.03,0.03,true
504,1,60,15,3,Gunbir Chhabra,fleet_manager,41,full_time,day,9,49659,1.04,0.07,true
505,1,58,15,3,Utkarsh Talwar,shift_lead,502,full_time,morning,43,36960,0.83,0.13,true
506,1,58,15,3,Bimala Master,shift_lead,502,full_time,evening,35,32289,1.0,0.1,true
507,1,58,15,3,Avi Shukla,picker,502,full_time,morning,50,20176,1.06,0.13,true
508,1,58,15,3,Anamika Yogi,picker,502,contract,evening,18,22595,0.95,0.09,true
509,1,58,15,3,Arin Parekh,picker,502,full_time,evening,50,20757,0.79,0.13,true
510,1,58,15,3,Jeet Bobal,picker,502,contract,evening,28,19859,0.76,0.06,true
511,1,58,15,3,Zaitra Rau,picker,502,full_time,evening,28,23891,0.94,0.17,true
512,1,58,15,3,Ubika Kashyap,picker,502,contract,evening,42,20241,0.82,0.12,true
513,1,58,15,3,Ikbal Narasimhan,picker,502,full_time,evening,11,19352,0.82,0.06,true
514,1,58,15,3,Gabriel Dara,picker,502,full_time,evening,23,18233,0.96,0.08,true
515,1,58,15,3,Ekantika Varma,picker,502,contract,morning,10,20171,0.97,0.15,true
516,1,58,15,3,Arunima Batra,picker,502,full_time,evening,11,17668,0.77,0.12,true
517,1,58,15,3,Dhriti Sem,picker,502,contract,morning,46,22006,0.97,0.08,true
518,1,58,15,3,Tarak Sachdev,picker,502,contract,morning,26,19368,0.97,0.16,true
519,1,58,15,3,Yuvraj Sarma,picker,502,full_time,evening,5,16082,0.94,0.13,true
520,1,58,15,3,Yashica Kapadia,picker,502,contract,morning,45,17909,0.9,0.08,true
521,1,58,15,3,Lipika Chana,picker,502,full_time,morning,52,20930,1.0,0.13,true
522,1,58,15,3,Tanmayi Buch,packer,502,contract,evening,22,22854,0.81,0.07,true
523,1,58,15,3,Michael Venkatesh,packer,502,full_time,morning,41,22813,1.05,0.19,true
524,1,58,15,3,Ekansh Raja,packer,502,contract,evening,21,17653,0.88,0.12,true
525,1,58,15,3,Dakshesh Ahluwalia,packer,502,full_time,morning,39,17163,0.74,0.15,true
526,1,58,15,3,Ubika Nanda,packer,502,contract,evening,8,20713,0.88,0.16,true
527,1,58,15,3,Maanas Gill,packer,502,full_time,evening,48,17091,0.87,0.16,true
528,1,58,15,3,Ishwar Patla,packer,502,full_time,morning,27,19343,1.05,0.1,true
529,1,59,15,3,Aarush Kumer,inventory_associate,503,full_time,morning,49,19954,1.08,0.05,true
530,1,59,15,3,Aradhana Palla,inventory_associate,503,contract,morning,17,19514,1.06,0.11,true
531,1,59,15,3,Anay Nayak,inventory_associate,503,contract,evening,4,22302,0.94,0.16,true
532,1,59,15,3,Vedhika Gola,inventory_associate,503,full_time,evening,50,23551,1.02,0.14,true
533,1,61,16,3,Tarak Bahri,dark_store_manager,41,full_time,day,36,59777,1.1,0.1,true
534,1,62,16,3,Manbir Din,inventory_lead,533,full_time,day,52,44560,0.85,0.04,true
535,1,63,16,3,Peter Zacharia,fleet_manager,41,full_time,day,22,61026,0.98,0.11,true
536,1,61,16,3,Divya Buch,shift_lead,533,full_time,morning,3,36813,0.94,0.13,true
537,1,61,16,3,Charan Contractor,shift_lead,533,full_time,evening,10,35148,0.84,0.14,true
538,1,61,16,3,Ethan Raghavan,picker,533,contract,morning,40,21771,0.96,0.14,true
539,1,61,16,3,Warinder Ganesh,picker,533,contract,evening,8,22446,1.08,0.17,true
540,1,61,16,3,Darsh Kothari,picker,533,full_time,evening,20,20973,0.92,0.14,true
541,1,61,16,3,Dominic Arya,picker,533,full_time,evening,37,17245,1.0,0.19,true
542,1,61,16,3,Wishi Bhatnagar,picker,533,full_time,morning,6,21086,0.85,0.07,true
543,1,61,16,3,Bhavya Kale,picker,533,contract,morning,2,21347,1.08,0.18,true
544,1,61,16,3,Udyati Deol,picker,533,full_time,evening,26,18257,0.72,0.09,true
545,1,61,16,3,Saanvi Kala,picker,533,full_time,evening,29,21514,0.87,0.16,true
546,1,61,16,3,Veda Saha,packer,533,contract,morning,20,18311,1.01,0.18,true
547,1,61,16,3,Daksha Modi,packer,533,contract,morning,14,16384,0.77,0.17,true
548,1,61,16,3,Udant Sengupta,packer,533,contract,evening,22,16411,0.92,0.08,true
549,1,61,16,3,Anay Saxena,packer,533,full_time,evening,38,19301,0.96,0.15,true
550,1,61,16,3,Jack Wali,packer,533,full_time,morning,28,23024,1.05,0.11,true
551,1,61,16,3,Aashi Deshpande,packer,533,full_time,evening,22,20816,1.02,0.13,true
552,1,62,16,3,Riya Chander,inventory_associate,534,contract,morning,18,22935,0.96,0.11,true
553,1,62,16,3,Jagat Bhatti,inventory_associate,534,contract,evening,24,20845,1.02,0.09,true
554,1,64,17,3,Lavanya Nadkarni,dark_store_manager,41,full_time,day,50,45791,0.96,0.07,true
555,1,65,17,3,Pooja Raman,inventory_lead,554,full_time,day,1,51680,0.96,0.05,true
556,1,66,17,3,Nilima Srivastava,fleet_manager,41,full_time,day,4,44407,0.96,0.11,true
557,1,64,17,3,Raksha Rai,shift_lead,554,full_time,evening,31,25206,1.03,0.11,true
558,1,64,17,3,Jai Rajan,shift_lead,554,full_time,morning,28,27304,1.05,0.09,true
559,1,64,17,3,Hitesh Das,picker,554,full_time,evening,52,22425,0.95,0.17,true
560,1,64,17,3,Hemal Tak,picker,554,full_time,morning,30,19675,0.79,0.12,true
561,1,64,17,3,Nachiket Wagle,picker,554,contract,evening,47,19438,0.93,0.07,true
562,1,64,17,3,Samaksh Ravel,picker,554,full_time,evening,17,17947,0.99,0.16,true
563,1,64,17,3,Qadim Sankaran,picker,554,contract,morning,31,21750,0.82,0.1,true
564,1,64,17,3,Akshay Jaggi,picker,554,contract,evening,50,21853,0.94,0.12,true
565,1,64,17,3,Chandran Karan,picker,554,full_time,morning,9,16185,0.93,0.17,true
566,1,64,17,3,Anvi Dalal,packer,554,contract,morning,43,23293,0.99,0.1,true
567,1,64,17,3,Meera Dass,packer,554,contract,evening,9,20935,0.87,0.07,true
568,1,64,17,3,Jeet Aggarwal,packer,554,contract,evening,43,23539,1.04,0.07,true
569,1,64,17,3,Chatresh Dua,packer,554,full_time,morning,22,19356,1.03,0.15,true
570,1,64,17,3,Gavin Chadha,packer,554,contract,evening,47,17901,0.79,0.07,true
571,1,64,17,3,Vinaya Dutta,packer,554,full_time,morning,27,22580,1.03,0.15,true
572,1,64,17,3,Akshay Kapur,packer,554,contract,morning,36,19333,0.85,0.16,true
573,1,65,17,3,Harsh Rai,inventory_associate,555,contract,evening,32,20337,0.82,0.05,true
574,1,65,17,3,Yash Krishnamurthy,inventory_associate,555,full_time,evening,52,19946,0.89,0.08,true
575,1,65,17,3,Ira Vohra,inventory_associate,555,full_time,morning,33,23889,1.05,0.07,true
576,1,67,18,3,Hemal Dasgupta,dark_store_manager,41,full_time,day,22,55489,0.96,0.05,true
577,1,68,18,3,Ekta Basu,inventory_lead,576,full_time,day,52,40360,1.09,0.05,true
578,1,69,18,3,Henry Mann,fleet_manager,41,full_time,day,4,51684,1.02,0.04,true
579,1,67,18,3,Gautami Ghosh,shift_lead,576,full_time,morning,44,30956,0.97,0.07,true
580,1,67,18,3,Umang Gopal,shift_lead,576,full_time,evening,47,30359,0.92,0.12,true
581,1,67,18,3,Christopher Mallick,picker,576,contract,evening,26,16572,1.04,0.18,true
582,1,67,18,3,Idika Divan,picker,576,contract,morning,48,23791,1.05,0.18,true
583,1,67,18,3,Vidhi Amble,picker,576,contract,morning,22,16269,1.03,0.08,true
584,1,67,18,3,Hema Chada,picker,576,full_time,evening,9,20372,0.97,0.17,true
585,1,67,18,3,Aahana Tella,picker,576,contract,evening,12,16518,1.08,0.14,true
586,1,67,18,3,David Thaman,picker,576,full_time,morning,7,20357,1.06,0.1,true
587,1,67,18,3,Kavya Mital,picker,576,contract,evening,4,22314,0.9,0.12,true
588,1,67,18,3,Nikita Tak,packer,576,full_time,evening,1,22487,0.92,0.11,true
589,1,67,18,3,Mekhala Sampath,packer,576,contract,morning,51,17978,0.97,0.14,true
590,1,67,18,3,Vincent Arora,packer,576,full_time,morning,40,22227,0.75,0.15,true
591,1,67,18,3,Warda Khanna,packer,576,full_time,evening,47,22561,0.92,0.07,true
592,1,67,18,3,Tanveer Dixit,packer,576,contract,evening,51,19409,0.98,0.09,true
593,1,67,18,3,Orinder Jani,packer,576,contract,morning,7,18228,1.07,0.15,true
594,1,67,18,3,Aashi Shenoy,packer,576,full_time,morning,10,18777,0.8,0.15,true
595,1,68,18,3,Omkaar Chatterjee,inventory_associate,577,contract,morning,28,19843,0.87,0.05,true
596,1,68,18,3,Vanya Bal,inventory_associate,577,contract,morning,23,22992,0.83,0.13,true
597,1,68,18,3,Ekansh Goswami,inventory_associate,577,contract,morning,11,20531,0.79,0.13,true
598,1,70,19,3,Rudra Minhas,dark_store_manager,41,full_time,day,1,70692,0.91,0.08,true
599,1,71,19,3,Amara Pandit,inventory_lead,598,full_time,day,9,48086,1.08,0.07,true
600,1,72,19,3,Aarnav Iyer,fleet_manager,41,full_time,day,27,50870,1.02,0.07,true
601,1,70,19,3,Sanya Kade,shift_lead,598,full_time,evening,39,36409,0.85,0.12,true
602,1,70,19,3,Manan Bhandari,shift_lead,598,full_time,morning,19,25016,0.83,0.13,true
603,1,70,19,3,Lajita Bhandari,picker,598,full_time,morning,11,21134,0.84,0.1,true
604,1,70,19,3,Charita Warrior,picker,598,full_time,morning,6,17137,0.98,0.18,true
605,1,70,19,3,Samaksh Barman,picker,598,full_time,evening,48,21484,1.04,0.17,true
606,1,70,19,3,Rajeshri Bhargava,picker,598,full_time,evening,34,22728,1.01,0.13,true
607,1,70,19,3,Priya Gill,picker,598,contract,evening,27,20392,0.87,0.12,true
608,1,70,19,3,Vrinda Dasgupta,picker,598,contract,evening,14,20496,1.1,0.15,true
609,1,70,19,3,Ganga Kalita,picker,598,full_time,morning,50,20842,0.83,0.16,true
610,1,70,19,3,Pavani Murty,picker,598,full_time,morning,20,23862,0.91,0.17,true
611,1,70,19,3,Harini Thakur,picker,598,full_time,morning,13,20306,0.9,0.09,true
612,1,70,19,3,Waida Sarkar,picker,598,contract,evening,24,18241,1.0,0.14,true
613,1,70,19,3,Gavin Gandhi,picker,598,full_time,evening,34,21357,0.82,0.07,true
614,1,70,19,3,Mason Issac,picker,598,contract,evening,2,21039,1.07,0.09,true
615,1,70,19,3,Zayyan Date,picker,598,contract,evening,31,21422,1.03,0.06,true
616,1,70,19,3,Harish Prashad,picker,598,full_time,morning,52,22160,0.86,0.17,true
617,1,70,19,3,Wishi Kari,packer,598,contract,evening,37,19088,0.98,0.09,true
618,1,70,19,3,Joshua Ravel,packer,598,contract,evening,46,16273,0.84,0.12,true
619,1,70,19,3,Yadavi Bath,packer,598,full_time,evening,31,16924,0.99,0.16,true
620,1,70,19,3,Zansi Baral,packer,598,full_time,evening,49,23929,0.89,0.15,true
621,1,70,19,3,Gaurangi Gupta,packer,598,contract,morning,2,16953,1.02,0.19,true
622,1,70,19,3,Fariq Johal,packer,598,contract,evening,40,17004,0.87,0.17,true
623,1,70,19,3,George Dasgupta,packer,598,contract,evening,45,21708,0.85,0.09,true
624,1,70,19,3,Hamsini Sathe,packer,598,full_time,morning,41,22645,0.78,0.14,true
625,1,70,19,3,Harita Tailor,packer,598,full_time,evening,10,23044,1.03,0.05,true
626,1,70,19,3,Warinder Sehgal,packer,598,contract,morning,43,21391,0.8,0.11,true
627,1,70,19,3,Megha Dasgupta,packer,598,full_time,morning,15,19244,0.78,0.17,true
628,1,71,19,3,Dayita Mannan,inventory_associate,599,full_time,evening,37,18249,0.84,0.11,true
629,1,71,19,3,Aayush Narayan,inventory_associate,599,full_time,morning,8,24796,0.98,0.14,true
630,1,71,19,3,Gaurang Iyer,inventory_associate,599,full_time,evening,23,20672,1.02,0.09,true
631,1,71,19,3,Rudra Hora,inventory_associate,599,full_time,morning,11,22074,1.02,0.07,true
632,1,71,19,3,Harshil Tak,inventory_associate,599,contract,evening,20,23351,0.89,0.15,true
633,1,73,20,3,Yashoda Tella,dark_store_manager,41,full_time,day,17,48891,0.91,0.11,true
634,1,74,20,3,Laksh Bali,inventory_lead,633,full_time,day,28,38926,0.96,0.08,true
635,1,75,20,3,Jyoti Desai,fleet_manager,41,full_time,day,31,51845,0.94,0.07,true
636,1,73,20,3,Hemani Balasubramanian,shift_lead,633,full_time,evening,27,34586,0.88,0.11,true
637,1,73,20,3,Daksh Mangat,shift_lead,633,full_time,morning,25,32400,1.0,0.07,true
638,1,73,20,3,Chakradhar Gole,picker,633,full_time,morning,5,22122,0.99,0.16,true
639,1,73,20,3,Hitesh Khurana,picker,633,contract,morning,2,17495,0.78,0.11,true
640,1,73,20,3,Yahvi Parekh,picker,633,contract,morning,10,18649,1.06,0.17,true
641,1,73,20,3,Christopher Contractor,picker,633,contract,evening,40,17907,0.74,0.13,true
642,1,73,20,3,Forum Kulkarni,picker,633,full_time,evening,23,16496,1.1,0.17,true
643,1,73,20,3,Jacob Kanda,picker,633,contract,evening,39,22343,0.97,0.08,true
644,1,73,20,3,Tanvi Wable,picker,633,full_time,evening,25,17062,1.0,0.2,true
645,1,73,20,3,Nakul Varma,packer,633,contract,evening,2,16092,1.06,0.06,true
646,1,73,20,3,Vedant Dutt,packer,633,contract,evening,38,17516,0.74,0.18,true
647,1,73,20,3,Mason Shetty,packer,633,contract,morning,15,21562,1.0,0.17,true
648,1,73,20,3,Shravya Bhatia,packer,633,contract,evening,10,18959,1.04,0.13,true
649,1,73,20,3,Ekavir Manda,packer,633,full_time,morning,13,21022,0.91,0.07,true
650,1,74,20,3,Jatin Koshy,inventory_associate,634,contract,morning,21,19620,0.78,0.11,true
651,1,74,20,3,Amara D’Alia,inventory_associate,634,full_time,evening,22,21429,0.96,0.06,true
652,1,74,20,3,Ekta Sood,inventory_associate,634,contract,evening,4,25677,0.98,0.14,true
653,1,76,21,4,Dipta Sur,dark_store_manager,54,full_time,day,50,50614,1.15,0.1,true
654,1,77,21,4,Bina Bhattacharyya,inventory_lead,653,full_time,day,1,43582,1.06,0.04,true
655,1,78,21,4,Omya Zacharia,fleet_manager,54,full_time,day,8,61666,1.03,0.08,true
656,1,76,21,4,Veda Varma,shift_lead,653,full_time,morning,16,32308,0.94,0.1,true
657,1,76,21,4,Janya Sethi,shift_lead,653,full_time,evening,29,24279,0.86,0.09,true
658,1,76,21,4,Kritika Pathak,picker,653,full_time,morning,51,23218,0.98,0.19,true
659,1,76,21,4,Charles Doshi,picker,653,contract,evening,22,16910,1.07,0.09,true
660,1,76,21,4,Charita Sethi,picker,653,full_time,evening,36,16484,0.91,0.14,true
661,1,76,21,4,Zilmil Raghavan,picker,653,contract,morning,32,22189,1.06,0.06,true
662,1,76,21,4,Udyati Swaminathan,picker,653,full_time,morning,31,16070,1.1,0.18,true
663,1,76,21,4,Ekiya Bora,picker,653,full_time,evening,28,23766,0.85,0.09,true
664,1,76,21,4,Madhavi Korpal,picker,653,full_time,evening,43,22425,1.08,0.11,true
665,1,76,21,4,Jairaj Agrawal,picker,653,full_time,evening,6,23585,1.02,0.17,true
666,1,76,21,4,Edhitha Brar,picker,653,full_time,morning,25,16565,0.83,0.13,true
667,1,76,21,4,Arya Edwin,picker,653,full_time,evening,30,19403,0.95,0.07,true
668,1,76,21,4,Falguni Sehgal,picker,653,full_time,morning,35,18945,0.75,0.17,true
669,1,76,21,4,Daniel Venkatesh,picker,653,contract,evening,17,19783,0.75,0.2,true
670,1,76,21,4,Arunima Mahal,packer,653,full_time,morning,36,23339,1.0,0.08,true
671,1,76,21,4,Christopher Bhardwaj,packer,653,full_time,morning,38,22631,0.78,0.12,true
672,1,76,21,4,Wakeeta Bobal,packer,653,contract,evening,7,19391,0.99,0.1,true
673,1,76,21,4,Arjun Mangal,packer,653,contract,evening,25,18111,1.02,0.1,true
674,1,76,21,4,Advik Swaminathan,packer,653,contract,morning,41,18580,0.83,0.11,true
675,1,76,21,4,Darpan Varkey,packer,653,full_time,evening,52,22448,1.09,0.14,true
676,1,76,21,4,Triveni Bhalla,packer,653,full_time,evening,5,22469,0.76,0.15,true
677,1,76,21,4,Victor Dash,packer,653,contract,evening,9,21238,1.06,0.08,true
678,1,76,21,4,Vihaan Bala,packer,653,contract,morning,33,21376,0.8,0.12,true
679,1,76,21,4,Ethan Balan,packer,653,contract,evening,16,18861,0.8,0.12,true
680,1,76,21,4,Nitara Kothari,packer,653,contract,evening,23,22327,0.8,0.19,true
681,1,77,21,4,Yauvani Chad,inventory_associate,654,full_time,morning,18,23794,0.98,0.15,true
682,1,77,21,4,Varsha Tailor,inventory_associate,654,full_time,evening,27,20403,0.76,0.16,true
683,1,77,21,4,Unni Sundaram,inventory_associate,654,contract,evening,15,22790,1.0,0.09,true
684,1,77,21,4,Mohini Toor,inventory_associate,654,contract,evening,48,25937,0.96,0.06,true
685,1,79,22,4,Chavvi Kapoor,dark_store_manager,54,full_time,day,48,67030,0.93,0.06,true
686,1,80,22,4,Hitesh Gokhale,inventory_lead,685,full_time,day,41,50961,0.89,0.04,true
687,1,81,22,4,Qarin Lanka,fleet_manager,54,full_time,day,25,41626,0.91,0.09,true
688,1,79,22,4,Yatin Nanda,shift_lead,685,full_time,morning,26,34932,0.97,0.11,true
689,1,79,22,4,Zinal Walla,shift_lead,685,full_time,morning,43,35181,0.83,0.09,true
690,1,79,22,4,Udarsh Hans,picker,685,contract,evening,31,19499,0.82,0.16,true
691,1,79,22,4,Upasna Raval,picker,685,contract,morning,12,20661,0.75,0.06,true
692,1,79,22,4,Siddharth Anne,picker,685,full_time,morning,2,18027,0.97,0.16,true
693,1,79,22,4,Mohini Shankar,picker,685,full_time,morning,48,22534,0.87,0.17,true
694,1,79,22,4,Lakshmi Dixit,picker,685,full_time,morning,49,19883,0.97,0.18,true
695,1,79,22,4,Dalaja Majumdar,picker,685,full_time,evening,26,23784,0.89,0.06,true
696,1,79,22,4,Dalaja Khurana,picker,685,contract,evening,17,17861,0.75,0.11,true
697,1,79,22,4,Yoshita Parsa,picker,685,contract,morning,25,18523,0.85,0.13,true
698,1,79,22,4,Wyatt Minhas,picker,685,contract,morning,38,23498,0.73,0.1,true
699,1,79,22,4,Vrinda Dhar,picker,685,full_time,morning,40,19320,0.93,0.15,true
700,1,79,22,4,Fariq Karpe,packer,685,full_time,morning,9,21619,1.06,0.17,true
701,1,79,22,4,Megha Mane,packer,685,full_time,morning,45,16102,0.91,0.07,true
702,1,79,22,4,Jagvi Batta,packer,685,full_time,evening,20,17123,0.78,0.11,true
703,1,79,22,4,Nitara Mukherjee,packer,685,contract,evening,35,20974,0.78,0.08,true
704,1,79,22,4,Yatan More,packer,685,full_time,evening,2,20907,1.05,0.19,true
705,1,79,22,4,Nirja Char,packer,685,contract,morning,4,21687,1.07,0.14,true
706,1,79,22,4,Ethan Vala,packer,685,full_time,morning,44,22439,0.82,0.13,true
707,1,79,22,4,Chameli Setty,packer,685,full_time,evening,22,20963,1.02,0.19,true
708,1,79,22,4,Nimrat Sani,packer,685,contract,morning,49,22579,0.93,0.1,true
709,1,79,22,4,Indrajit Contractor,packer,685,full_time,evening,43,18412,0.84,0.06,true
710,1,79,22,4,Chameli Behl,packer,685,full_time,evening,20,22981,1.01,0.07,true
711,1,80,22,4,Deepa Master,inventory_associate,686,contract,morning,22,22183,0.87,0.13,true
712,1,80,22,4,Suhani Banerjee,inventory_associate,686,contract,morning,27,20625,0.76,0.06,true
713,1,80,22,4,Rajeshri Tella,inventory_associate,686,full_time,evening,1,22165,1.08,0.06,true
714,1,80,22,4,Gaurang Issac,inventory_associate,686,contract,evening,50,25216,0.94,0.1,true
715,1,82,23,4,Hardik Bahl,dark_store_manager,54,full_time,day,24,60740,0.96,0.06,true
716,1,83,23,4,Ubika Puri,inventory_lead,715,full_time,day,38,43180,0.85,0.07,true
717,1,84,23,4,Lohit Doshi,fleet_manager,54,full_time,day,49,50931,0.89,0.09,true
718,1,82,23,4,Ishita Bir,shift_lead,715,full_time,evening,19,35805,0.88,0.05,true
719,1,82,23,4,Ekantika Jani,shift_lead,715,full_time,morning,19,32674,1.03,0.09,true
720,1,82,23,4,Jagdish Bora,picker,715,full_time,evening,44,21295,0.98,0.13,true
721,1,82,23,4,Vasana Venkataraman,picker,715,full_time,morning,35,21499,0.75,0.19,true
722,1,82,23,4,Samarth Dey,picker,715,contract,morning,42,18202,0.93,0.07,true
723,1,82,23,4,Vedant Chacko,picker,715,contract,morning,41,16083,0.88,0.08,true
724,1,82,23,4,Anmol Ratti,picker,715,contract,evening,15,16975,1.07,0.08,true
725,1,82,23,4,Upkaar Zacharia,picker,715,contract,evening,51,18134,0.83,0.15,true
726,1,82,23,4,Yauvani Shah,picker,715,contract,evening,31,17362,0.73,0.1,true
727,1,82,23,4,Mugdha Choudhury,picker,715,contract,morning,36,21614,0.89,0.1,true
728,1,82,23,4,Darpan Sabharwal,picker,715,full_time,morning,10,21960,0.93,0.09,true
729,1,82,23,4,Elijah Dar,picker,715,contract,evening,23,20633,1.0,0.16,true
730,1,82,23,4,Ranveer Kuruvilla,packer,715,full_time,morning,26,20994,0.8,0.19,true
731,1,82,23,4,Girindra Sahota,packer,715,contract,morning,49,19378,0.8,0.07,true
732,1,82,23,4,Warhi Saran,packer,715,contract,evening,23,19185,0.97,0.17,true
733,1,82,23,4,Theodore Nagi,packer,715,full_time,morning,17,22791,1.05,0.06,true
734,1,82,23,4,Yashica Saran,packer,715,contract,morning,4,21339,0.8,0.17,true
735,1,82,23,4,Madhav Dubey,packer,715,full_time,morning,50,21952,0.76,0.2,true
736,1,82,23,4,Praneel Morar,packer,715,full_time,evening,49,23755,0.79,0.07,true
737,1,83,23,4,Upma Chopra,inventory_associate,716,contract,evening,29,19585,0.96,0.1,true
738,1,83,23,4,Jeremiah Randhawa,inventory_associate,716,full_time,evening,23,24262,0.97,0.14,true
739,1,83,23,4,Hemang Raja,inventory_associate,716,contract,evening,45,23436,0.98,0.07,true
740,1,83,23,4,Girish Dugar,inventory_associate,716,full_time,evening,46,23021,1.07,0.15,true
741,1,83,23,4,Jasmit Bala,inventory_associate,716,contract,morning,48,24290,0.89,0.07,true
742,1,85,24,4,Widisha Peri,dark_store_manager,54,full_time,day,52,73959,0.97,0.09,true
743,1,86,24,4,Ijaya Kamdar,inventory_lead,742,full_time,day,5,38815,0.98,0.06,true
744,1,87,24,4,Eesha Deep,fleet_manager,54,full_time,day,5,56378,1.05,0.08,true
745,1,85,24,4,Wridesh Dey,shift_lead,742,full_time,evening,10,25554,0.9,0.1,true
746,1,85,24,4,Riya Mannan,shift_lead,742,full_time,morning,49,37374,0.92,0.06,true
747,1,85,24,4,Vasatika Kala,picker,742,full_time,morning,41,23992,0.8,0.07,true
748,1,85,24,4,Chameli Sethi,picker,742,full_time,morning,43,18141,0.89,0.13,true
749,1,85,24,4,Onveer Saini,picker,742,contract,morning,7,16159,0.97,0.15,true
750,1,85,24,4,Hredhaan Koshy,picker,742,contract,morning,39,21075,0.87,0.07,true
751,1,85,24,4,Aahana Kara,picker,742,full_time,morning,18,20184,1.09,0.16,true
752,1,85,24,4,Rachana Krish,picker,742,full_time,morning,37,23102,1.03,0.15,true
753,1,85,24,4,Kamala Badami,picker,742,contract,evening,26,23749,0.79,0.06,true
754,1,85,24,4,Vansha Mittal,picker,742,full_time,morning,20,20474,0.84,0.05,true
755,1,85,24,4,Kritika Luthra,picker,742,contract,morning,4,18207,0.83,0.08,true
756,1,85,24,4,Theodore Barman,picker,742,contract,morning,52,18447,0.84,0.1,true
757,1,85,24,4,Osha Bhasin,picker,742,contract,evening,47,23072,1.07,0.16,true
758,1,85,24,4,Ekta Das,picker,742,contract,morning,27,22783,0.82,0.12,true
759,1,85,24,4,Hitesh Ravel,packer,742,full_time,morning,16,17098,1.03,0.06,true
760,1,85,24,4,Simon Palla,packer,742,full_time,morning,29,22367,1.0,0.09,true
761,1,85,24,4,David Parmar,packer,742,full_time,evening,33,22483,0.81,0.13,true
762,1,85,24,4,Aahana Behl,packer,742,contract,morning,41,17820,1.01,0.09,true
763,1,85,24,4,Oliver Borra,packer,742,full_time,morning,1,22776,0.96,0.19,true
764,1,85,24,4,Adweta Grewal,packer,742,contract,evening,29,16191,1.05,0.19,true
765,1,85,24,4,Hritik Bhatti,packer,742,full_time,evening,44,16046,1.02,0.1,true
766,1,86,24,4,Saumya Oommen,inventory_associate,743,full_time,evening,50,23952,0.89,0.07,true
767,1,86,24,4,Faris Parikh,inventory_associate,743,full_time,morning,12,18613,1.03,0.12,true
768,1,86,24,4,Ria Dora,inventory_associate,743,contract,morning,16,24456,0.78,0.07,true
769,1,86,24,4,Yadavi Ramakrishnan,inventory_associate,743,contract,morning,6,24898,1.08,0.06,true
770,1,86,24,4,Sathvik Virk,inventory_associate,743,contract,morning,14,23393,0.84,0.07,true
771,1,88,25,4,Anya Cheema,dark_store_manager,54,full_time,day,11,57574,1.03,0.05,true
772,1,89,25,4,Zansi Radhakrishnan,inventory_lead,771,full_time,day,37,50360,1.01,0.07,true
773,1,90,25,4,Andrew Ramanathan,fleet_manager,54,full_time,day,34,50067,1.0,0.1,true
774,1,88,25,4,Sara Dayal,shift_lead,771,full_time,evening,8,32131,1.08,0.11,true
775,1,88,25,4,Kashish Mahal,shift_lead,771,full_time,evening,39,26941,1.05,0.05,true
776,1,88,25,4,Banjeet Chauhan,picker,771,contract,morning,6,16916,0.73,0.15,true
777,1,88,25,4,Omya Bhatti,picker,771,contract,evening,1,23601,0.87,0.2,true
778,1,88,25,4,Xavier Mani,picker,771,contract,evening,21,20143,1.1,0.18,true
779,1,88,25,4,Abhiram Kapoor,picker,771,contract,morning,49,18280,0.95,0.12,true
780,1,88,25,4,Radha Golla,picker,771,contract,morning,21,17483,1.03,0.12,true
781,1,88,25,4,Warda Joshi,picker,771,full_time,morning,25,22228,0.89,0.14,true
782,1,88,25,4,Daksh Merchant,picker,771,full_time,morning,6,17867,0.99,0.14,true
783,1,88,25,4,Advika Sagar,picker,771,contract,evening,41,19531,0.77,0.06,true
784,1,88,25,4,Abhimanyu Singhal,picker,771,full_time,evening,43,18083,0.74,0.09,true
785,1,88,25,4,Ekantika Sachar,picker,771,contract,morning,30,20772,0.89,0.17,true
786,1,88,25,4,Bimala Sandal,picker,771,contract,morning,24,23118,0.98,0.12,true
787,1,88,25,4,Girish Gill,picker,771,contract,morning,37,17419,0.86,0.1,true
788,1,88,25,4,Dayita Dara,picker,771,full_time,evening,13,21738,1.06,0.05,true
789,1,88,25,4,Wridesh Shah,picker,771,full_time,morning,9,18480,1.03,0.1,true
790,1,88,25,4,Advaith Sehgal,picker,771,full_time,morning,47,17538,0.83,0.2,true
791,1,88,25,4,Vincent Vyas,packer,771,full_time,morning,39,20376,0.89,0.06,true
792,1,88,25,4,Nilima Aggarwal,packer,771,full_time,evening,51,22668,1.01,0.06,true
793,1,88,25,4,Oviya Jayaraman,packer,771,contract,morning,4,22399,0.93,0.15,true
794,1,88,25,4,Aryan Dalal,packer,771,full_time,evening,11,20134,0.96,0.1,true
795,1,88,25,4,Amara Ahuja,packer,771,full_time,morning,37,18127,0.91,0.2,true
796,1,88,25,4,Ira Om,packer,771,full_time,morning,5,23409,0.78,0.19,true
797,1,88,25,4,Jonathan Kaul,packer,771,full_time,morning,13,23398,0.75,0.05,true
798,1,88,25,4,Theodore Mukherjee,packer,771,full_time,evening,41,20069,0.97,0.18,true
799,1,88,25,4,Kamya Thaman,packer,771,full_time,evening,12,17481,0.79,0.07,true
800,1,88,25,4,Kashvi Tandon,packer,771,full_time,evening,19,18924,0.95,0.15,true
801,1,88,25,4,Ansh Bhatia,packer,771,contract,morning,17,22229,0.73,0.16,true
802,1,89,25,4,Warinder Deshpande,inventory_associate,772,full_time,morning,6,23042,0.84,0.15,true
803,1,89,25,4,Diya Saha,inventory_associate,772,contract,morning,36,20169,1.0,0.16,true
804,1,89,25,4,Oni Agrawal,inventory_associate,772,full_time,morning,16,24981,1.01,0.07,true
805,1,91,26,5,Yashawini Johal,dark_store_manager,67,full_time,day,46,74118,0.92,0.08,true
806,1,92,26,5,Amrita Chahal,inventory_lead,805,full_time,day,34,39660,0.96,0.08,true
807,1,93,26,5,Oscar Chander,fleet_manager,67,full_time,day,9,58396,0.91,0.08,true
808,1,91,26,5,Divya Lala,shift_lead,805,full_time,morning,34,34088,0.88,0.13,true
809,1,91,26,5,Gagan Garg,shift_lead,805,full_time,morning,19,33067,0.95,0.13,true
810,1,91,26,5,Eiravati Chandran,picker,805,full_time,morning,19,17600,1.02,0.17,true
811,1,91,26,5,Anika Chaudhari,picker,805,full_time,evening,9,16810,0.9,0.08,true
812,1,91,26,5,Sai Wadhwa,picker,805,full_time,evening,19,17865,1.09,0.06,true
813,1,91,26,5,Bhanumati Naik,picker,805,contract,evening,18,18182,1.05,0.1,true
814,1,91,26,5,Ethan Gaba,picker,805,full_time,morning,38,22812,0.93,0.09,true
815,1,91,26,5,Jasmit Dutt,picker,805,contract,evening,4,16306,0.78,0.08,true
816,1,91,26,5,Lila Nori,picker,805,full_time,evening,11,18507,0.95,0.13,true
817,1,91,26,5,Hiral Talwar,picker,805,full_time,morning,17,23331,0.99,0.1,true
818,1,91,26,5,Madhavi Sane,picker,805,contract,morning,11,18493,1.08,0.06,true
819,1,91,26,5,Raksha Raval,packer,805,full_time,evening,51,16729,1.05,0.1,true
820,1,91,26,5,Agastya Ratti,packer,805,contract,evening,1,21066,0.86,0.05,true
821,1,91,26,5,Kamya Vohra,packer,805,full_time,evening,42,20105,0.72,0.17,true
822,1,91,26,5,Waida Prakash,packer,805,full_time,morning,6,22810,0.85,0.16,true
823,1,91,26,5,Manthan Kade,packer,805,contract,morning,1,21584,0.97,0.2,true
824,1,91,26,5,Chatura Sekhon,packer,805,contract,evening,7,16658,0.94,0.1,true
825,1,91,26,5,Barkha Venkatesh,packer,805,contract,morning,40,16923,1.02,0.12,true
826,1,92,26,5,Devika Sharma,inventory_associate,806,full_time,evening,36,19357,0.82,0.12,true
827,1,92,26,5,Abeer Mitter,inventory_associate,806,full_time,evening,40,23476,0.95,0.13,true
828,1,94,27,5,Mason Narayan,dark_store_manager,67,full_time,day,32,51142,1.0,0.08,true
829,1,95,27,5,Osha Majumdar,inventory_lead,828,full_time,day,19,39728,0.95,0.11,true
830,1,96,27,5,Lila Ghose,fleet_manager,67,full_time,day,16,48589,0.88,0.1,true
831,1,94,27,5,Rachit Srinivas,shift_lead,828,full_time,evening,6,35103,1.06,0.06,true
832,1,94,27,5,Widisha Wadhwa,shift_lead,828,full_time,evening,36,34316,0.86,0.12,true
833,1,94,27,5,Saumya Brar,picker,828,full_time,evening,18,22662,0.94,0.07,true
834,1,94,27,5,Mason Kakar,picker,828,contract,morning,13,16733,0.94,0.09,true
835,1,94,27,5,Ikshita Bawa,picker,828,full_time,evening,13,18688,0.97,0.09,true
836,1,94,27,5,Radha Chaudhari,picker,828,full_time,evening,7,23648,0.82,0.05,true
837,1,94,27,5,Hiral Rout,picker,828,contract,morning,37,17770,0.94,0.13,true
838,1,94,27,5,Leela Iyer,picker,828,contract,evening,17,22729,0.74,0.18,true
839,1,94,27,5,Balvan Hari,picker,828,contract,morning,35,16012,0.95,0.09,true
840,1,94,27,5,Omisha Parsa,picker,828,contract,evening,28,23075,0.98,0.08,true
841,1,94,27,5,Advika Patel,picker,828,full_time,morning,47,19187,0.9,0.16,true
842,1,94,27,5,Wahab Shetty,picker,828,full_time,morning,19,22638,0.88,0.19,true
843,1,94,27,5,Lavanya Sawhney,picker,828,full_time,evening,44,16821,0.78,0.09,true
844,1,94,27,5,Megha Majumdar,picker,828,full_time,evening,49,20971,0.86,0.18,true
845,1,94,27,5,Wridesh Bhatnagar,picker,828,full_time,evening,9,19135,0.77,0.19,true
846,1,94,27,5,Shivani Bhasin,picker,828,contract,evening,3,18240,1.0,0.08,true
847,1,94,27,5,Anusha Kaul,packer,828,full_time,morning,5,23463,0.75,0.07,true
848,1,94,27,5,Balhaar Banerjee,packer,828,full_time,morning,40,16974,0.77,0.13,true
849,1,94,27,5,Samuel Zacharia,packer,828,contract,evening,33,21213,0.76,0.12,true
850,1,94,27,5,Ekaja Dewan,packer,828,full_time,evening,18,18036,0.94,0.15,true
851,1,94,27,5,Simon Yogi,packer,828,full_time,morning,22,18678,0.9,0.14,true
852,1,94,27,5,Ishani Walia,packer,828,full_time,morning,26,18294,0.99,0.15,true
853,1,94,27,5,Aarush Ramachandran,packer,828,full_time,morning,15,21281,0.79,0.08,true
854,1,94,27,5,Yasti Dixit,packer,828,full_time,evening,44,17570,0.87,0.06,true
855,1,95,27,5,Gaurav Kumer,inventory_associate,829,full_time,morning,47,18040,1.07,0.12,true
856,1,95,27,5,Zinal Sastry,inventory_associate,829,full_time,evening,50,19163,0.93,0.08,true
857,1,95,27,5,Karan Jaggi,inventory_associate,829,contract,morning,22,19196,0.95,0.15,true
858,1,97,28,5,Aarav Jain,dark_store_manager,67,full_time,day,21,68538,1.13,0.07,true
859,1,98,28,5,Rajata Golla,inventory_lead,858,full_time,day,19,34017,0.92,0.1,true
860,1,99,28,5,Avni Chadha,fleet_manager,67,full_time,day,43,46432,1.05,0.07,true
861,1,97,28,5,Indrajit Amble,shift_lead,858,full_time,evening,46,37333,0.94,0.07,true
862,1,97,28,5,Leena Palla,shift_lead,858,full_time,evening,34,32430,0.88,0.11,true
863,1,97,28,5,Upasna Barman,picker,858,contract,evening,9,19725,0.84,0.06,true
864,1,97,28,5,Shivansh Kannan,picker,858,contract,morning,42,22693,0.97,0.16,true
865,1,97,28,5,Bachittar Lad,picker,858,contract,evening,36,19769,0.89,0.11,true
866,1,97,28,5,Niharika Dugar,picker,858,full_time,morning,2,20503,0.79,0.09,true
867,1,97,28,5,Mason Morar,picker,858,full_time,evening,52,17743,1.0,0.13,true
868,1,97,28,5,Prisha Viswanathan,picker,858,contract,morning,45,23926,0.95,0.17,true
869,1,97,28,5,Robert Gokhale,picker,858,contract,evening,25,16235,0.74,0.09,true
870,1,97,28,5,Wazir Nair,picker,858,contract,morning,2,23163,1.0,0.11,true
871,1,97,28,5,Warhi Setty,picker,858,full_time,morning,41,20362,1.04,0.07,true
872,1,97,28,5,Wakeeta Bhatti,picker,858,contract,evening,48,21495,0.95,0.19,true
873,1,97,28,5,Laban Apte,picker,858,full_time,morning,38,21578,0.83,0.05,true
874,1,97,28,5,Jagat Thaker,picker,858,contract,evening,1,19487,0.96,0.12,true
875,1,97,28,5,Inaya Zacharia,picker,858,contract,evening,18,23426,1.02,0.18,true
876,1,97,28,5,Yahvi Merchant,picker,858,full_time,evening,50,20430,0.73,0.15,true
877,1,97,28,5,Matthew Brar,packer,858,full_time,morning,32,23312,0.84,0.13,true
878,1,97,28,5,Baghyawati Toor,packer,858,full_time,evening,10,21843,0.77,0.08,true
879,1,97,28,5,Atharv Vaidya,packer,858,contract,evening,21,23824,0.8,0.1,true
880,1,97,28,5,Bhanumati Pandey,packer,858,contract,morning,35,23361,0.79,0.06,true
881,1,97,28,5,Wazir Chada,packer,858,contract,morning,40,20509,0.97,0.13,true
882,1,97,28,5,Ojas Kata,packer,858,full_time,evening,47,23081,0.92,0.19,true
883,1,97,28,5,Viraj Vohra,packer,858,full_time,morning,47,21818,1.07,0.16,true
884,1,98,28,5,Umang Sama,inventory_associate,859,full_time,morning,20,24079,0.76,0.16,true
885,1,98,28,5,Anamika Tripathi,inventory_associate,859,contract,evening,18,22161,1.06,0.12,true
886,1,98,28,5,Mason Kala,inventory_associate,859,contract,evening,23,20949,0.82,0.11,true
887,1,98,28,5,Chaitaly Pillai,inventory_associate,859,contract,evening,20,20352,0.9,0.16,true
888,1,98,28,5,Kamala Dua,inventory_associate,859,full_time,evening,52,19159,0.92,0.15,true
889,1,100,29,5,Abeer Hans,dark_store_manager,67,full_time,day,44,66179,1.13,0.05,true
890,1,101,29,5,Jack Khanna,inventory_lead,889,full_time,day,14,49645,0.92,0.03,true
891,1,102,29,5,Viraj Khalsa,fleet_manager,67,full_time,day,23,40297,0.98,0.11,true
892,1,100,29,5,Ikshita Din,shift_lead,889,full_time,morning,10,25184,0.96,0.05,true
893,1,100,29,5,Henry Mani,shift_lead,889,full_time,morning,29,35302,0.86,0.14,true
894,1,100,29,5,Eta Soni,picker,889,full_time,morning,9,16532,0.79,0.08,true
895,1,100,29,5,Chandran Kapur,picker,889,full_time,morning,23,18227,0.88,0.11,true
896,1,100,29,5,Maya Varty,picker,889,full_time,morning,50,16999,0.77,0.16,true
897,1,100,29,5,Utkarsh Basak,picker,889,full_time,morning,21,17945,0.73,0.08,true
898,1,100,29,5,Harini Mannan,picker,889,contract,evening,24,19070,0.92,0.07,true
899,1,100,29,5,Hamsini Hora,picker,889,full_time,evening,42,23608,0.88,0.07,true
900,1,100,29,5,Hitesh Gade,picker,889,full_time,evening,22,16900,0.98,0.13,true
901,1,100,29,5,Oscar Memon,picker,889,contract,morning,9,23680,0.97,0.18,true
902,1,100,29,5,Dhriti Solanki,picker,889,contract,morning,19,21341,0.83,0.18,true
903,1,100,29,5,Warjas Venkatesh,picker,889,full_time,morning,31,17506,1.08,0.15,true
904,1,100,29,5,Ekaja Chad,picker,889,full_time,evening,29,16007,1.02,0.1,true
905,1,100,29,5,Charita Bhavsar,picker,889,full_time,morning,19,21403,0.95,0.1,true
906,1,100,29,5,Vanya Bali,picker,889,full_time,evening,20,19399,0.81,0.19,true
907,1,100,29,5,Fariq Sathe,packer,889,full_time,morning,29,20726,0.8,0.09,true
908,1,100,29,5,Janya Apte,packer,889,contract,evening,11,19729,1.01,0.1,true
909,1,100,29,5,Yashawini Kota,packer,889,contract,evening,46,19483,0.78,0.17,true
910,1,100,29,5,Zayyan Chaudhry,packer,889,contract,morning,12,22423,0.75,0.13,true
911,1,100,29,5,Saumya Dugal,packer,889,full_time,evening,37,21576,0.84,0.2,true
912,1,100,29,5,Netra Khalsa,packer,889,full_time,evening,16,23890,0.78,0.06,true
913,1,100,29,5,Varenya Narayanan,packer,889,full_time,evening,28,19789,0.74,0.13,true
914,1,100,29,5,Urvi Gulati,packer,889,contract,morning,36,19342,0.93,0.19,true
915,1,100,29,5,Watika Khalsa,packer,889,contract,morning,24,19819,0.89,0.18,true
916,1,100,29,5,Shivani Gill,packer,889,contract,morning,8,18598,1.05,0.18,true
917,1,101,29,5,Harish Bhagat,inventory_associate,890,full_time,evening,1,22342,1.04,0.1,true
918,1,101,29,5,Ekapad Mannan,inventory_associate,890,full_time,morning,21,24981,0.78,0.08,true
919,1,101,29,5,Naksh Bail,inventory_associate,890,full_time,morning,17,22096,0.83,0.08,true
920,1,103,30,5,Qushi Bumb,dark_store_manager,67,full_time,day,6,67355,0.94,0.12,true
921,1,104,30,5,Karan Khalsa,inventory_lead,920,full_time,day,52,38564,0.88,0.08,true
922,1,105,30,5,Libni Kala,fleet_manager,67,full_time,day,45,48984,0.94,0.07,true
923,1,103,30,5,Jacob Srivastava,shift_lead,920,full_time,evening,22,30153,0.98,0.13,true
924,1,103,30,5,Saksham Mangal,shift_lead,920,full_time,evening,49,30400,1.01,0.1,true
925,1,103,30,5,Aarush Tella,picker,920,contract,morning,51,16991,0.79,0.09,true
926,1,103,30,5,Omaja Chad,picker,920,contract,evening,52,23470,0.75,0.11,true
927,1,103,30,5,Naksh Bahri,picker,920,full_time,morning,48,23296,0.88,0.14,true
928,1,103,30,5,Sachi Zachariah,picker,920,full_time,morning,7,21204,0.83,0.19,true
929,1,103,30,5,Faqid Kade,picker,920,full_time,evening,6,16097,0.87,0.13,true
930,1,103,30,5,Upma Mall,picker,920,contract,evening,10,21112,0.86,0.09,true
931,1,103,30,5,Zashil Natarajan,picker,920,full_time,evening,12,17218,0.76,0.19,true
932,1,103,30,5,Tripti Goswami,packer,920,full_time,evening,33,20034,1.09,0.06,true
933,1,103,30,5,Dayita Sarin,packer,920,contract,evening,52,23899,0.98,0.18,true
934,1,103,30,5,Ikbal Bhalla,packer,920,full_time,evening,48,19986,1.07,0.15,true
935,1,103,30,5,Gabriel Pingle,packer,920,contract,evening,35,22148,0.96,0.1,true
936,1,103,30,5,Anjali Sankar,packer,920,full_time,morning,41,23377,0.87,0.14,true
937,1,104,30,5,Daksha Vasa,inventory_associate,921,full_time,evening,19,19012,1.0,0.12,true
938,1,104,30,5,Vedhika Gandhi,inventory_associate,921,contract,evening,7,21696,1.04,0.1,true
939,1,104,30,5,Nihal Rout,inventory_associate,921,full_time,evening,49,18857,0.81,0.12,true
940,1,106,31,6,Manthan Bhasin,dark_store_manager,82,full_time,day,52,67107,1.09,0.08,true
941,1,107,31,6,Chatresh Sem,inventory_lead,940,full_time,day,37,35644,0.88,0.07,true
942,1,108,31,6,Anjali Goda,fleet_manager,82,full_time,day,16,60619,0.87,0.06,true
943,1,106,31,6,Owen Dube,shift_lead,940,full_time,morning,6,28041,0.86,0.11,true
944,1,106,31,6,Ekavir Boase,shift_lead,940,full_time,evening,42,25899,0.91,0.11,true
945,1,106,31,6,Oliver Jani,picker,940,full_time,morning,34,23944,0.96,0.17,true
946,1,106,31,6,Oviya Sawhney,picker,940,full_time,morning,24,16680,0.96,0.16,true
947,1,106,31,6,Michael Jain,picker,940,full_time,evening,25,22901,0.97,0.16,true
948,1,106,31,6,Chaaya Kothari,picker,940,full_time,evening,46,19948,0.81,0.07,true
949,1,106,31,6,Nisha Char,picker,940,contract,evening,27,21950,0.76,0.19,true
950,1,106,31,6,Jeremiah Merchant,picker,940,contract,evening,12,23350,0.77,0.18,true
951,1,106,31,6,Advaith Banik,picker,940,full_time,evening,35,22769,0.78,0.09,true
952,1,106,31,6,Ekalinga Kaul,picker,940,full_time,morning,30,17698,0.77,0.19,true
953,1,106,31,6,Ranveer Jani,picker,940,full_time,evening,3,16667,0.91,0.05,true
954,1,106,31,6,Guneet Sharma,picker,940,contract,evening,33,23105,0.83,0.09,true
955,1,106,31,6,Sanaya Pandya,picker,940,contract,evening,12,19530,1.08,0.06,true
956,1,106,31,6,Umang Acharya,picker,940,full_time,evening,28,16584,0.97,0.12,true
957,1,106,31,6,Andrew Guha,picker,940,full_time,evening,27,17307,0.86,0.06,true
958,1,106,31,6,Indira Nadig,picker,940,full_time,morning,26,18681,1.07,0.13,true
959,1,106,31,6,Oeshi Shukla,picker,940,contract,evening,50,23001,0.97,0.19,true
960,1,106,31,6,Jeremiah Dubey,picker,940,contract,morning,21,22968,0.82,0.17,true
961,1,106,31,6,Chakradev Chadha,picker,940,full_time,evening,43,17059,0.97,0.17,true
962,1,106,31,6,Jasmit Choudhary,picker,940,full_time,morning,40,23459,0.83,0.11,true
963,1,106,31,6,Upma Batta,packer,940,full_time,morning,27,23225,0.79,0.12,true
964,1,106,31,6,Kiaan Raj,packer,940,full_time,morning,4,19345,0.85,0.17,true
965,1,106,31,6,Chakrika Wable,packer,940,full_time,evening,45,18956,0.76,0.17,true
966,1,106,31,6,William Sahota,packer,940,full_time,morning,28,23698,1.07,0.07,true
967,1,106,31,6,Ishanvi Parsa,packer,940,contract,morning,33,16187,0.84,0.06,true
968,1,106,31,6,Jai Kakar,packer,940,contract,morning,51,16190,0.89,0.12,true
969,1,106,31,6,Triveni Chandra,packer,940,full_time,evening,22,20676,0.88,0.07,true
970,1,106,31,6,Yashica Thakur,packer,940,contract,evening,31,18264,0.86,0.18,true
971,1,106,31,6,Aarini Goyal,packer,940,contract,evening,46,19844,0.96,0.12,true
972,1,106,31,6,Hemani Bedi,packer,940,full_time,evening,42,19589,0.82,0.12,true
973,1,106,31,6,Rachit Viswanathan,packer,940,contract,evening,50,18325,0.77,0.14,true
974,1,106,31,6,Brijesh Sastry,packer,940,full_time,morning,37,23952,0.87,0.17,true
975,1,106,31,6,Saksham Rajagopal,packer,940,full_time,evening,22,23183,0.86,0.09,true
976,1,106,31,6,Udarsh Gour,packer,940,full_time,evening,37,19662,0.84,0.13,true
977,1,107,31,6,Falguni Borah,inventory_associate,941,full_time,evening,4,24066,0.86,0.09,true
978,1,107,31,6,Tara Dyal,inventory_associate,941,full_time,evening,36,23412,0.9,0.06,true
979,1,107,31,6,Omaja Dubey,inventory_associate,941,full_time,evening,35,24618,1.01,0.11,true
980,1,107,31,6,Vedhika Pandey,inventory_associate,941,contract,evening,23,24803,0.77,0.12,true
981,1,107,31,6,Wahab Balan,inventory_associate,941,full_time,evening,13,20263,0.98,0.1,true
982,1,107,31,6,Sanya Comar,inventory_associate,941,full_time,evening,22,21675,0.82,0.08,true
983,1,109,32,6,Imaran Mammen,dark_store_manager,82,full_time,day,36,49615,1.0,0.06,true
984,1,110,32,6,Unni Dara,inventory_lead,983,full_time,day,30,49002,1.06,0.11,true
985,1,111,32,6,Ishani Doshi,fleet_manager,82,full_time,day,21,36095,0.98,0.09,true
986,1,109,32,6,Ishaan Khalsa,shift_lead,983,full_time,morning,37,34153,0.97,0.14,true
987,1,109,32,6,Ikshita Desai,shift_lead,983,full_time,evening,1,36241,1.06,0.12,true
988,1,109,32,6,Teerth Bajwa,picker,983,contract,evening,33,22068,0.73,0.08,true
989,1,109,32,6,Yoshita Ahluwalia,picker,983,full_time,morning,15,21529,1.03,0.16,true
990,1,109,32,6,Neelima Majumdar,picker,983,contract,morning,21,21362,0.72,0.15,true
991,1,109,32,6,Chandani Contractor,picker,983,contract,evening,12,21611,0.83,0.16,true
992,1,109,32,6,Dipta Sehgal,picker,983,contract,morning,24,18297,1.03,0.1,true
993,1,109,32,6,Yahvi Mammen,picker,983,contract,evening,3,21212,0.74,0.16,true
994,1,109,32,6,Ojas Mitter,picker,983,full_time,evening,33,22069,0.86,0.12,true
995,1,109,32,6,Jagrati Sehgal,picker,983,full_time,morning,47,21337,0.87,0.06,true
996,1,109,32,6,Samar Batta,picker,983,full_time,evening,45,18904,0.82,0.07,true
997,1,109,32,6,Manbir Hari,picker,983,contract,morning,9,16317,0.72,0.14,true
998,1,109,32,6,Zayyan Narayanan,picker,983,full_time,morning,28,20142,0.95,0.11,true
999,1,109,32,6,Balvan Gera,packer,983,full_time,evening,49,17856,0.96,0.11,true
1000,1,109,32,6,Vasudha Rau,packer,983,contract,evening,29,18977,0.97,0.07,true
1001,1,109,32,6,Mitesh Edwin,packer,983,contract,evening,40,18709,0.88,0.1,true
1002,1,109,32,6,Nilima Ramakrishnan,packer,983,full_time,morning,44,23189,0.91,0.16,true
1003,1,109,32,6,Omkaar Narang,packer,983,full_time,evening,23,19822,0.89,0.09,true
1004,1,109,32,6,Mohini Bhatnagar,packer,983,contract,morning,11,17160,0.9,0.12,true
1005,1,109,32,6,Ikbal Mammen,packer,983,full_time,morning,26,19553,0.82,0.15,true
1006,1,109,32,6,Yashawini Prabhu,packer,983,full_time,morning,11,23740,0.79,0.1,true
1007,1,110,32,6,Kashvi Palan,inventory_associate,984,contract,morning,13,21450,0.83,0.11,true
1008,1,110,32,6,Nidhi Bhardwaj,inventory_associate,984,contract,evening,40,18691,1.03,0.15,true
1009,1,110,32,6,Yashica Sharaf,inventory_associate,984,contract,morning,26,20270,1.0,0.07,true
1010,1,110,32,6,Saanvi Lala,inventory_associate,984,contract,morning,10,21832,1.01,0.15,true
1011,1,110,32,6,Dakshesh Kunda,inventory_associate,984,contract,morning,5,23121,0.87,0.15,true
1012,1,112,33,6,Kritika Sachar,dark_store_manager,82,full_time,day,11,48302,0.94,0.05,true
1013,1,113,33,6,Urvashi Borah,inventory_lead,1012,full_time,day,14,43537,1.0,0.08,true
1014,1,114,33,6,Radha Jaggi,fleet_manager,82,full_time,day,27,42427,0.92,0.1,true
1015,1,112,33,6,Urmi Kala,shift_lead,1012,full_time,morning,32,28843,0.87,0.05,true
1016,1,112,33,6,Urishilla Mall,shift_lead,1012,full_time,evening,10,31019,0.82,0.12,true
1017,1,112,33,6,Bakhshi Kannan,picker,1012,full_time,evening,27,21760,0.96,0.07,true
1018,1,112,33,6,Saumya Gour,picker,1012,full_time,morning,21,16569,0.73,0.06,true
1019,1,112,33,6,Manthan Shetty,picker,1012,full_time,morning,31,17517,0.87,0.15,true
1020,1,112,33,6,Oni Zachariah,picker,1012,contract,evening,42,21281,1.08,0.17,true
1021,1,112,33,6,Hemang Sathe,picker,1012,contract,morning,13,18849,0.8,0.18,true
1022,1,112,33,6,Zayyan Lal,picker,1012,full_time,evening,36,22442,0.98,0.19,true
1023,1,112,33,6,Xavier Narain,picker,1012,full_time,morning,2,23823,0.75,0.08,true
1024,1,112,33,6,Vamakshi Mahajan,picker,1012,full_time,evening,39,19640,0.99,0.07,true
1025,1,112,33,6,Ira Loyal,picker,1012,contract,evening,51,17222,0.92,0.16,true
1026,1,112,33,6,Kamya Sood,packer,1012,contract,morning,17,17415,0.73,0.07,true
1027,1,112,33,6,David Deshmukh,packer,1012,contract,evening,13,17587,0.99,0.08,true
1028,1,112,33,6,Libni Pradhan,packer,1012,contract,morning,36,18509,1.02,0.06,true
1029,1,112,33,6,Hema Keer,packer,1012,full_time,evening,39,20994,0.95,0.18,true
1030,1,112,33,6,Gauri Desai,packer,1012,full_time,evening,25,19855,1.06,0.16,true
1031,1,112,33,6,Mohammed Mahal,packer,1012,full_time,evening,29,19110,0.87,0.05,true
1032,1,112,33,6,Priya Dhingra,packer,1012,contract,evening,50,22176,1.06,0.16,true
1033,1,113,33,6,Mohammed Trivedi,inventory_associate,1013,full_time,evening,4,22719,0.89,0.13,true
1034,1,113,33,6,Gaurangi Rout,inventory_associate,1013,full_time,morning,19,18354,0.83,0.06,true
1035,1,113,33,6,Advika Lad,inventory_associate,1013,full_time,morning,28,24254,0.77,0.07,true
1036,1,113,33,6,Qasim Desai,inventory_associate,1013,full_time,morning,44,20346,0.76,0.08,true
1037,1,115,34,6,Jagat Chaudhuri,dark_store_manager,82,full_time,day,9,71233,0.98,0.04,true
1038,1,116,34,6,Mitali Shroff,inventory_lead,1037,full_time,day,30,48064,0.94,0.1,true
1039,1,117,34,6,Niharika Nigam,fleet_manager,82,full_time,day,50,57277,1.08,0.12,true
1040,1,115,34,6,Kala Pillay,shift_lead,1037,full_time,evening,47,27890,0.91,0.08,true
1041,1,115,34,6,Vedika Mangal,shift_lead,1037,full_time,evening,21,30606,0.95,0.11,true
1042,1,115,34,6,Darika Batra,picker,1037,contract,evening,2,22167,0.74,0.09,true
1043,1,115,34,6,Abeer Suri,picker,1037,contract,evening,41,16168,0.92,0.12,true
1044,1,115,34,6,Qushi Chauhan,picker,1037,contract,morning,28,16082,1.04,0.11,true
1045,1,115,34,6,Veer Gola,picker,1037,full_time,evening,25,23583,0.87,0.06,true
1046,1,115,34,6,William Nayar,picker,1037,full_time,morning,38,18091,1.04,0.11,true
1047,1,115,34,6,Yatan Halder,picker,1037,contract,morning,39,19976,1.01,0.08,true
1048,1,115,34,6,Udarsh Krishna,picker,1037,full_time,evening,43,20874,1.07,0.11,true
1049,1,115,34,6,Chandresh Srinivas,picker,1037,contract,evening,16,22315,0.98,0.1,true
1050,1,115,34,6,Dayamai Walia,packer,1037,contract,morning,29,17705,0.96,0.15,true
1051,1,115,34,6,Panini Sane,packer,1037,contract,morning,34,21302,1.04,0.18,true
1052,1,115,34,6,Arin Ranganathan,packer,1037,full_time,morning,26,22880,0.77,0.15,true
1053,1,115,34,6,Mohini Bhatti,packer,1037,contract,evening,31,17637,1.07,0.19,true
1054,1,115,34,6,Tanveer Saran,packer,1037,contract,morning,15,20204,1.03,0.05,true
1055,1,115,34,6,Neha Boase,packer,1037,full_time,evening,34,20285,1.06,0.09,true
1056,1,116,34,6,Kavya Choudhary,inventory_associate,1038,contract,evening,3,20765,1.02,0.11,true
1057,1,116,34,6,Urishilla Behl,inventory_associate,1038,full_time,evening,18,20311,0.94,0.09,true
1058,1,116,34,6,Bachittar Kade,inventory_associate,1038,contract,evening,18,19446,0.86,0.08,true
1059,1,116,34,6,Abeer Srivastava,inventory_associate,1038,contract,morning,28,23689,0.92,0.05,true
