anomaly_id,entity_type,entity_id,anomaly_type,module,severity,start_ts,end_ts,projected_impact_inr,realized_impact_inr,formula_name,formula_inputs_json,root_cause,recommended_action,required_team_type,required_role,expected_approver_role
A-2,work_item,2,driver_shortage_peak_window,SLA Sentinel,critical,2026-03-27T12:04:00+05:30,2026-03-27T13:30:00+05:30,728.69,206.56,driver_shortage_loss,"{""delay_minutes"": 12, ""basket_value_inr"": 530.38, ""cancelled"": true, ""reason"": ""traffic""}",Driver capacity fell short during a peak or disrupted delivery window.,reroute_fleet_capacity,fleet_ops,fleet_manager,city_ops_manager
A-3,work_item,3,driver_shortage_peak_window,SLA Sentinel,high,2026-03-27T12:31:00+05:30,,789.3,,driver_shortage_loss,"{""delay_minutes"": 13, ""basket_value_inr"": 535.49, ""cancelled"": false, ""reason"": ""rider_shortage""}",Driver capacity fell short during a peak or disrupted delivery window.,reroute_fleet_capacity,fleet_ops,fleet_manager,city_ops_manager
A-4,work_item,4,driver_shortage_peak_window,SLA Sentinel,critical,2026-03-28T12:29:00+05:30,2026-03-28T13:47:00+05:30,524.11,167.99,driver_shortage_loss,"{""delay_minutes"": 17, ""basket_value_inr"": 475.76, ""cancelled"": true, ""reason"": ""rain""}",Driver capacity fell short during a peak or disrupted delivery window.,reroute_fleet_capacity,fleet_ops,fleet_manager,city_ops_manager
A-5,work_item,5,driver_shortage_peak_window,SLA Sentinel,high,2026-03-27T12:17:00+05:30,,592.54,,driver_shortage_loss,"{""delay_minutes"": 15, ""basket_value_inr"": 691.14, ""cancelled"": false, ""reason"": ""inventory_substitution""}",Driver capacity fell short during a peak or disrupted delivery window.,reroute_fleet_capacity,fleet_ops,fleet_manager,city_ops_manager
A-6,work_item,6,driver_shortage_peak_window,SLA Sentinel,high,2026-03-28T12:08:00+05:30,,1367.29,,driver_shortage_loss,"{""delay_minutes"": 12, ""basket_value_inr"": 876.88, ""cancelled"": false, ""reason"": ""rain""}",Driver capacity fell short during a peak or disrupted delivery window.,reroute_fleet_capacity,fleet_ops,fleet_manager,city_ops_manager
A-7,work_item,7,driver_shortage_peak_window,SLA Sentinel,high,2026-03-28T12:09:00+05:30,,696.79,,driver_shortage_loss,"{""delay_minutes"": 12, ""basket_value_inr"": 635.24, ""cancelled"": false, ""reason"": ""rain""}",Driver capacity fell short during a peak or disrupted delivery window.,reroute_fleet_capacity,fleet_ops,fleet_manager,city_ops_manager
A-8,work_item,8,driver_shortage_peak_window,SLA Sentinel,critical,2026-03-28T12:15:00+05:30,2026-03-28T15:59:00+05:30,393.32,107.79,driver_shortage_loss,"{""delay_minutes"": 18, ""basket_value_inr"": 250.86, ""cancelled"": true, ""reason"": ""rain""}",Driver capacity fell short during a peak or disrupted delivery window.,reroute_fleet_capacity,fleet_ops,fleet_manager,city_ops_manager
A-12,work_item,12,driver_shortage_peak_window,SLA Sentinel,high,2026-03-28T12:40:00+05:30,,711.8,,driver_shortage_loss,"{""delay_minutes"": 14, ""basket_value_inr"": 660.93, ""cancelled"": false, ""reason"": ""rain""}",Driver capacity fell short during a peak or disrupted delivery window.,reroute_fleet_capacity,fleet_ops,fleet_manager,city_ops_manager
A-14,work_item,14,driver_shortage_peak_window,SLA Sentinel,high,2026-03-28T12:34:00+05:30,,1208.45,,driver_shortage_loss,"{""delay_minutes"": 17, ""basket_value_inr"": 800.23, ""cancelled"": false, ""reason"": ""rain""}",Driver capacity fell short during a peak or disrupted delivery window.,reroute_fleet_capacity,fleet_ops,fleet_manager,city_ops_manager
A-17,work_item,17,driver_shortage_peak_window,SLA Sentinel,high,2026-03-28T12:31:00+05:30,,1158.28,,driver_shortage_loss,"{""delay_minutes"": 13, ""basket_value_inr"": 721.1, ""cancelled"": false, ""reason"": ""rain""}",Driver capacity fell short during a peak or disrupted delivery window.,reroute_fleet_capacity,fleet_ops,fleet_manager,city_ops_manager
A-19,work_item,19,driver_shortage_peak_window,SLA Sentinel,high,2026-03-27T12:23:00+05:30,,970.43,,driver_shortage_loss,"{""delay_minutes"": 16, ""basket_value_inr"": 648.76, ""cancelled"": false, ""reason"": ""traffic""}",Driver capacity fell short during a peak or disrupted delivery window.,reroute_fleet_capacity,fleet_ops,fleet_manager,city_ops_manager
A-22,work_item,22,driver_shortage_peak_window,SLA Sentinel,high,2026-03-28T12:19:00+05:30,,1133.62,,driver_shortage_loss,"{""delay_minutes"": 11, ""basket_value_inr"": 801.7, ""cancelled"": false, ""reason"": ""rain""}",Driver capacity fell short during a peak or disrupted delivery window.,reroute_fleet_capacity,fleet_ops,fleet_manager,city_ops_manager
A-24,work_item,24,driver_shortage_peak_window,SLA Sentinel,high,2026-03-27T12:10:00+05:30,,1158.12,,driver_shortage_loss,"{""delay_minutes"": 15, ""basket_value_inr"": 884.79, ""cancelled"": false, ""reason"": ""rider_shortage""}",Driver capacity fell short during a peak or disrupted delivery window.,reroute_fleet_capacity,fleet_ops,fleet_manager,city_ops_manager
A-27,work_item,27,driver_shortage_peak_window,SLA Sentinel,high,2026-03-27T12:21:00+05:30,,590.94,,driver_shortage_loss,"{""delay_minutes"": 11, ""basket_value_inr"": 447.3, ""cancelled"": false, ""reason"": ""traffic""}",Driver capacity fell short during a peak or disrupted delivery window.,reroute_fleet_capacity,fleet_ops,fleet_manager,city_ops_manager
A-28,work_item,28,driver_shortage_peak_window,SLA Sentinel,critical,2026-03-28T12:01:00+05:30,2026-03-28T15:50:00+05:30,854.83,303.58,driver_shortage_loss,"{""delay_minutes"": 11, ""basket_value_inr"": 1035.6, ""cancelled"": true, ""reason"": ""delivery_delay""}",Driver capacity fell short during a peak or disrupted delivery window.,reroute_fleet_capacity,fleet_ops,fleet_manager,city_ops_manager
A-29,work_item,29,driver_shortage_peak_window,SLA Sentinel,high,2026-03-28T12:31:00+05:30,,341.05,,driver_shortage_loss,"{""delay_minutes"": 12, ""basket_value_inr"": 334.64, ""cancelled"": false, ""reason"": ""rain""}",Driver capacity fell short during a peak or disrupted delivery window.,reroute_fleet_capacity,fleet_ops,fleet_manager,city_ops_manager
A-34,work_item,34,driver_shortage_peak_window,SLA Sentinel,high,2026-03-27T12:39:00+05:30,,532.81,,driver_shortage_loss,"{""delay_minutes"": 11, ""basket_value_inr"": 612.5, ""cancelled"": false, ""reason"": ""traffic""}",Driver capacity fell short during a peak or disrupted delivery window.,reroute_fleet_capacity,fleet_ops,fleet_manager,city_ops_manager
A-36,work_item,36,driver_shortage_peak_window,SLA Sentinel,high,2026-03-28T12:36:00+05:30,,101.23,,driver_shortage_loss,"{""delay_minutes"": 16, ""basket_value_inr"": 90, ""cancelled"": false, ""reason"": ""rider_shortage""}",Driver capacity fell short during a peak or disrupted delivery window.,reroute_fleet_capacity,fleet_ops,fleet_manager,city_ops_manager
A-37,work_item,37,driver_shortage_peak_window,SLA Sentinel,high,2026-03-27T12:03:00+05:30,,439.34,,driver_shortage_loss,"{""delay_minutes"": 16, ""basket_value_inr"": 510.04, ""cancelled"": false, ""reason"": ""traffic""}",Driver capacity fell short during a peak or disrupted delivery window.,reroute_fleet_capacity,fleet_ops,fleet_manager,city_ops_manager
A-39,work_item,39,driver_shortage_peak_window,SLA Sentinel,high,2026-03-28T12:19:00+05:30,,423.04,,driver_shortage_loss,"{""delay_minutes"": 11, ""basket_value_inr"": 474.92, ""cancelled"": false, ""reason"": ""store_backlog""}",Driver capacity fell short during a peak or disrupted delivery window.,reroute_fleet_capacity,fleet_ops,fleet_manager,city_ops_manager
A-40,work_item,40,driver_shortage_peak_window,SLA Sentinel,high,2026-03-27T12:32:00+05:30,,331.15,,driver_shortage_loss,"{""delay_minutes"": 11, ""basket_value_inr"": 309.16, ""cancelled"": false, ""reason"": ""store_backlog""}",Driver capacity fell short during a peak or disrupted delivery window.,reroute_fleet_capacity,fleet_ops,fleet_manager,city_ops_manager
A-43,work_item,43,driver_shortage_peak_window,SLA Sentinel,high,2026-03-27T12:42:00+05:30,,1154.6,,driver_shortage_loss,"{""delay_minutes"": 11, ""basket_value_inr"": 751.99, ""cancelled"": false, ""reason"": ""store_backlog""}",Driver capacity fell short during a peak or disrupted delivery window.,reroute_fleet_capacity,fleet_ops,fleet_manager,city_ops_manager
A-44,work_item,44,driver_shortage_peak_window,SLA Sentinel,high,2026-03-28T12:34:00+05:30,,180.35,,driver_shortage_loss,"{""delay_minutes"": 15, ""basket_value_inr"": 160.3, ""cancelled"": false, ""reason"": ""rain""}",Driver capacity fell short during a peak or disrupted delivery window.,reroute_fleet_capacity,fleet_ops,fleet_manager,city_ops_manager
A-45,work_item,45,driver_shortage_peak_window,SLA Sentinel,critical,2026-03-27T12:07:00+05:30,,560.11,,driver_shortage_loss,"{""delay_minutes"": 13, ""basket_value_inr"": 455.52, ""cancelled"": true, ""reason"": ""delivery_delay""}",Driver capacity fell short during a peak or disrupted delivery window.,reroute_fleet_capacity,fleet_ops,fleet_manager,city_ops_manager
A-46,work_item,46,driver_shortage_peak_window,SLA Sentinel,high,2026-03-28T12:32:00+05:30,,963.67,,driver_shortage_loss,"{""delay_minutes"": 12, ""basket_value_inr"": 858.49, ""cancelled"": false, ""reason"": ""rain""}",Driver capacity fell short during a peak or disrupted delivery window.,reroute_fleet_capacity,fleet_ops,fleet_manager,city_ops_manager
A-47,work_item,47,driver_shortage_peak_window,SLA Sentinel,high,2026-03-27T12:23:00+05:30,,410.76,,driver_shortage_loss,"{""delay_minutes"": 12, ""basket_value_inr"": 441.69, ""cancelled"": false, ""reason"": ""traffic""}",Driver capacity fell short during a peak or disrupted delivery window.,reroute_fleet_capacity,fleet_ops,fleet_manager,city_ops_manager
A-48,work_item,48,driver_shortage_peak_window,SLA Sentinel,critical,2026-03-27T12:35:00+05:30,2026-03-27T14:49:00+05:30,808.91,482.37,driver_shortage_loss,"{""delay_minutes"": 10, ""basket_value_inr"": 483.83, ""cancelled"": true, ""reason"": ""traffic""}",Driver capacity fell short during a peak or disrupted delivery window.,reroute_fleet_capacity,fleet_ops,fleet_manager,city_ops_manager
A-50,work_item,50,driver_shortage_peak_window,SLA Sentinel,high,2026-03-28T12:30:00+05:30,,416.47,,driver_shortage_loss,"{""delay_minutes"": 17, ""basket_value_inr"": 533.87, ""cancelled"": false, ""reason"": ""rain""}",Driver capacity fell short during a peak or disrupted delivery window.,reroute_fleet_capacity,fleet_ops,fleet_manager,city_ops_manager
A-53,work_item,53,driver_shortage_peak_window,SLA Sentinel,high,2026-03-27T12:27:00+05:30,,714.26,,driver_shortage_loss,"{""delay_minutes"": 11, ""basket_value_inr"": 426.41, ""cancelled"": false, ""reason"": ""traffic""}",Driver capacity fell short during a peak or disrupted delivery window.,reroute_fleet_capacity,fleet_ops,fleet_manager,city_ops_manager
A-56,work_item,56,driver_shortage_peak_window,SLA Sentinel,high,2026-03-28T12:32:00+05:30,,596.89,,driver_shortage_loss,"{""delay_minutes"": 13, ""basket_value_inr"": 659.28, ""cancelled"": false, ""reason"": ""rain""}",Driver capacity fell short during a peak or disrupted delivery window.,reroute_fleet_capacity,fleet_ops,fleet_manager,city_ops_manager
A-57,work_item,57,driver_shortage_peak_window,SLA Sentinel,high,2026-03-27T12:00:00+05:30,,333.79,,driver_shortage_loss,"{""delay_minutes"": 14, ""basket_value_inr"": 264.03, ""cancelled"": false, ""reason"": ""rider_shortage""}",Driver capacity fell short during a peak or disrupted delivery window.,reroute_fleet_capacity,fleet_ops,fleet_manager,city_ops_manager
A-60,work_item,60,driver_shortage_peak_window,SLA Sentinel,high,2026-03-28T12:43:00+05:30,,177.17,,driver_shortage_loss,"{""delay_minutes"": 15, ""basket_value_inr"": 160.66, ""cancelled"": false, ""reason"": ""rider_shortage""}",Driver capacity fell short during a peak or disrupted delivery window.,reroute_fleet_capacity,fleet_ops,fleet_manager,city_ops_manager
A-61,work_item,61,driver_shortage_peak_window,SLA Sentinel,high,2026-03-27T12:27:00+05:30,,608.44,,driver_shortage_loss,"{""delay_minutes"": 13, ""basket_value_inr"": 430.95, ""cancelled"": false, ""reason"": ""store_backlog""}",Driver capacity fell short during a peak or disrupted delivery window.,reroute_fleet_capacity,fleet_ops,fleet_manager,city_ops_manager
A-62,work_item,62,driver_shortage_peak_window,SLA Sentinel,high,2026-03-27T12:02:00+05:30,,491.21,,driver_shortage_loss,"{""delay_minutes"": 11, ""basket_value_inr"": 338.79, ""cancelled"": false, ""reason"": ""traffic""}",Driver capacity fell short during a peak or disrupted delivery window.,reroute_fleet_capacity,fleet_ops,fleet_manager,city_ops_manager
A-64,work_item,64,driver_shortage_peak_window,SLA Sentinel,critical,2026-03-28T12:42:00+05:30,2026-03-28T15:30:00+05:30,831.17,360.68,driver_shortage_loss,"{""delay_minutes"": 10, ""basket_value_inr"": 776.75, ""cancelled"": true, ""reason"": ""rain""}",Driver capacity fell short during a peak or disrupted delivery window.,reroute_fleet_capacity,fleet_ops,fleet_manager,city_ops_manager
A-65,work_item,65,driver_shortage_peak_window,SLA Sentinel,critical,2026-03-27T12:16:00+05:30,,810.78,,driver_shortage_loss,"{""delay_minutes"": 13, ""basket_value_inr"": 515.4, ""cancelled"": true, ""reason"": ""traffic""}",Driver capacity fell short during a peak or disrupted delivery window.,reroute_fleet_capacity,fleet_ops,fleet_manager,city_ops_manager
A-66,work_item,66,driver_shortage_peak_window,SLA Sentinel,critical,2026-03-27T12:15:00+05:30,2026-03-27T16:43:00+05:30,171.1,52.04,driver_shortage_loss,"{""delay_minutes"": 17, ""basket_value_inr"": 124.88, ""cancelled"": true, ""reason"": ""delivery_delay""}",Driver capacity fell short during a peak or disrupted delivery window.,reroute_fleet_capacity,fleet_ops,fleet_manager,city_ops_manager
A-67,work_item,67,driver_shortage_peak_window,SLA Sentinel,high,2026-03-28T12:38:00+05:30,,277.55,,driver_shortage_loss,"{""delay_minutes"": 17, ""basket_value_inr"": 167.85, ""cancelled"": false, ""reason"": ""rider_shortage""}",Driver capacity fell short during a peak or disrupted delivery window.,reroute_fleet_capacity,fleet_ops,fleet_manager,city_ops_manager
A-69,work_item,69,driver_shortage_peak_window,SLA Sentinel,high,2026-03-27T12:29:00+05:30,,359.52,,driver_shortage_loss,"{""delay_minutes"": 14, ""basket_value_inr"": 426.33, ""cancelled"": false, ""reason"": ""traffic""}",Driver capacity fell short during a peak or disrupted delivery window.,reroute_fleet_capacity,fleet_ops,fleet_manager,city_ops_manager
A-70,work_item,70,driver_shortage_peak_window,SLA Sentinel,high,2026-03-28T12:20:00+05:30,,126.05,,driver_shortage_loss,"{""delay_minutes"": 13, ""basket_value_inr"": 90, ""cancelled"": false, ""reason"": ""rain""}",Driver capacity fell short during a peak or disrupted delivery window.,reroute_fleet_capacity,fleet_ops,fleet_manager,city_ops_manager
A-71,work_item,71,driver_shortage_peak_window,SLA Sentinel,critical,2026-03-28T12:23:00+05:30,2026-03-28T14:12:00+05:30,444.84,226.99,driver_shortage_loss,"{""delay_minutes"": 13, ""basket_value_inr"": 284.24, ""cancelled"": true, ""reason"": ""traffic""}",Driver capacity fell short during a peak or disrupted delivery window.,reroute_fleet_capacity,fleet_ops,fleet_manager,city_ops_manager
A-73,work_item,73,driver_shortage_peak_window,SLA Sentinel,high,2026-03-28T12:31:00+05:30,,697.4,,driver_shortage_loss,"{""delay_minutes"": 11, ""basket_value_inr"": 532.48, ""cancelled"": false, ""reason"": ""traffic""}",Driver capacity fell short during a peak or disrupted delivery window.,reroute_fleet_capacity,fleet_ops,fleet_manager,city_ops_manager
A-78,work_item,78,driver_shortage_peak_window,SLA Sentinel,high,2026-03-28T12:08:00+05:30,,1482.7,,driver_shortage_loss,"{""delay_minutes"": 11, ""basket_value_inr"": 1135.56, ""cancelled"": false, ""reason"": ""inventory_substitution""}",Driver capacity fell short during a peak or disrupted delivery window.,reroute_fleet_capacity,fleet_ops,fleet_manager,city_ops_manager
A-79,work_item,79,driver_shortage_peak_window,SLA Sentinel,high,2026-03-28T12:42:00+05:30,,155.41,,driver_shortage_loss,"{""delay_minutes"": 12, ""basket_value_inr"": 137.79, ""cancelled"": false, ""reason"": ""rain""}",Driver capacity fell short during a peak or disrupted delivery window.,reroute_fleet_capacity,fleet_ops,fleet_manager,city_ops_manager
A-83,work_item,83,driver_shortage_peak_window,SLA Sentinel,high,2026-03-28T12:33:00+05:30,,519.5,,driver_shortage_loss,"{""delay_minutes"": 14, ""basket_value_inr"": 399.12, ""cancelled"": false, ""reason"": ""rain""}",Driver capacity fell short during a peak or disrupted delivery window.,reroute_fleet_capacity,fleet_ops,fleet_manager,city_ops_manager
A-85,work_item,85,driver_shortage_peak_window,SLA Sentinel,critical,2026-03-28T12:21:00+05:30,2026-03-28T13:42:00+05:30,1302.36,573.08,driver_shortage_loss,"{""delay_minutes"": 14, ""basket_value_inr"": 1472.41, ""cancelled"": true, ""reason"": ""delivery_delay""}",Driver capacity fell short during a peak or disrupted delivery window.,reroute_fleet_capacity,fleet_ops,fleet_manager,city_ops_manager
A-87,work_item,87,driver_shortage_peak_window,SLA Sentinel,high,2026-03-27T12:02:00+05:30,,987.3,,driver_shortage_loss,"{""delay_minutes"": 11, ""basket_value_inr"": 705.93, ""cancelled"": false, ""reason"": ""traffic""}",Driver capacity fell short during a peak or disrupted delivery window.,reroute_fleet_capacity,fleet_ops,fleet_manager,city_ops_manager
A-88,work_item,88,driver_shortage_peak_window,SLA Sentinel,high,2026-03-27T12:37:00+05:30,,986.03,,driver_shortage_loss,"{""delay_minutes"": 14, ""basket_value_inr"": 612.21, ""cancelled"": false, ""reason"": ""traffic""}",Driver capacity fell short during a peak or disrupted delivery window.,reroute_fleet_capacity,fleet_ops,fleet_manager,city_ops_manager
A-90,work_item,90,driver_shortage_peak_window,SLA Sentinel,high,2026-03-28T12:07:00+05:30,,406.45,,driver_shortage_loss,"{""delay_minutes"": 12, ""basket_value_inr"": 428.07, ""cancelled"": false, ""reason"": ""rain""}",Driver capacity fell short during a peak or disrupted delivery window.,reroute_fleet_capacity,fleet_ops,fleet_manager,city_ops_manager
A-92,work_item,92,driver_shortage_peak_window,SLA Sentinel,high,2026-03-28T12:03:00+05:30,,225.37,,driver_shortage_loss,"{""delay_minutes"": 12, ""basket_value_inr"": 235.54, ""cancelled"": false, ""reason"": ""store_backlog""}",Driver capacity fell short during a peak or disrupted delivery window.,reroute_fleet_capacity,fleet_ops,fleet_manager,city_ops_manager
A-93,work_item,93,driver_shortage_peak_window,SLA Sentinel,high,2026-03-28T12:23:00+05:30,,504.98,,driver_shortage_loss,"{""delay_minutes"": 15, ""basket_value_inr"": 416.59, ""cancelled"": false, ""reason"": ""store_backlog""}",Driver capacity fell short during a peak or disrupted delivery window.,reroute_fleet_capacity,fleet_ops,fleet_manager,city_ops_manager
A-95,work_item,95,driver_shortage_peak_window,SLA Sentinel,high,2026-03-28T12:44:00+05:30,,344.39,,driver_shortage_loss,"{""delay_minutes"": 12, ""basket_value_inr"": 277.12, ""cancelled"": false, ""reason"": ""rider_shortage""}",Driver capacity fell short during a peak or disrupted delivery window.,reroute_fleet_capacity,fleet_ops,fleet_manager,city_ops_manager
A-96,work_item,96,driver_shortage_peak_window,SLA Sentinel,critical,2026-03-28T12:08:00+05:30,2026-03-28T15:40:00+05:30,328.49,90.91,driver_shortage_loss,"{""delay_minutes"": 17, ""basket_value_inr"": 211.83, ""cancelled"": true, ""reason"": ""traffic""}",Driver capacity fell short during a peak or disrupted delivery window.,reroute_fleet_capacity,fleet_ops,fleet_manager,city_ops_manager
A-98,work_item,98,driver_shortage_peak_window,SLA Sentinel,critical,2026-03-27T12:39:00+05:30,2026-03-27T16:42:00+05:30,650.64,163.09,driver_shortage_loss,"{""delay_minutes"": 14, ""basket_value_inr"": 511.32, ""cancelled"": true, ""reason"": ""traffic""}",Driver capacity fell short during a peak or disrupted delivery window.,reroute_fleet_capacity,fleet_ops,fleet_manager,city_ops_manager
A-100,work_item,100,driver_shortage_peak_window,SLA Sentinel,high,2026-03-28T12:21:00+05:30,,144.26,,driver_shortage_loss,"{""delay_minutes"": 13, ""basket_value_inr"": 115.08, ""cancelled"": false, ""reason"": ""rain""}",Driver capacity fell short during a peak or disrupted delivery window.,reroute_fleet_capacity,fleet_ops,fleet_manager,city_ops_manager
A-102,work_item,102,driver_shortage_peak_window,SLA Sentinel,high,2026-03-27T12:01:00+05:30,,782.57,,driver_shortage_loss,"{""delay_minutes"": 13, ""basket_value_inr"": 535.64, ""cancelled"": false, ""reason"": ""rider_shortage""}",Driver capacity fell short during a peak or disrupted delivery window.,reroute_fleet_capacity,fleet_ops,fleet_manager,city_ops_manager
A-103,work_item,103,driver_shortage_peak_window,SLA Sentinel,critical,2026-03-28T12:19:00+05:30,2026-03-28T14:51:00+05:30,96.31,46.1,driver_shortage_loss,"{""delay_minutes"": 12, ""basket_value_inr"": 90, ""cancelled"": true, ""reason"": ""traffic""}",Driver capacity fell short during a peak or disrupted delivery window.,reroute_fleet_capacity,fleet_ops,fleet_manager,city_ops_manager
A-104,work_item,104,driver_shortage_peak_window,SLA Sentinel,high,2026-03-28T12:01:00+05:30,,789.49,,driver_shortage_loss,"{""delay_minutes"": 11, ""basket_value_inr"": 579.07, ""cancelled"": false, ""reason"": ""store_backlog""}",Driver capacity fell short during a peak or disrupted delivery window.,reroute_fleet_capacity,fleet_ops,fleet_manager,city_ops_manager
A-106,work_item,106,driver_shortage_peak_window,SLA Sentinel,high,2026-03-28T12:37:00+05:30,,210.1,,driver_shortage_loss,"{""delay_minutes"": 11, ""basket_value_inr"": 227.22, ""cancelled"": false, ""reason"": ""rider_shortage""}",Driver capacity fell short during a peak or disrupted delivery window.,reroute_fleet_capacity,fleet_ops,fleet_manager,city_ops_manager
A-107,work_item,107,driver_shortage_peak_window,SLA Sentinel,critical,2026-03-27T12:36:00+05:30,,313.06,,driver_shortage_loss,"{""delay_minutes"": 8, ""basket_value_inr"": 297.71, ""cancelled"": true, ""reason"": ""traffic""}",Driver capacity fell short during a peak or disrupted delivery window.,reroute_fleet_capacity,fleet_ops,fleet_manager,city_ops_manager
A-108,work_item,108,driver_shortage_peak_window,SLA Sentinel,high,2026-03-28T12:41:00+05:30,,250.15,,driver_shortage_loss,"{""delay_minutes"": 19, ""basket_value_inr"": 273.63, ""cancelled"": false, ""reason"": ""rider_shortage""}",Driver capacity fell short during a peak or disrupted delivery window.,reroute_fleet_capacity,fleet_ops,fleet_manager,city_ops_manager
A-109,work_item,109,driver_shortage_peak_window,SLA Sentinel,high,2026-03-28T12:14:00+05:30,,589.43,,driver_shortage_loss,"{""delay_minutes"": 13, ""basket_value_inr"": 702.21, ""cancelled"": false, ""reason"": ""rider_shortage""}",Driver capacity fell short during a peak or disrupted delivery window.,reroute_fleet_capacity,fleet_ops,fleet_manager,city_ops_manager
A-110,work_item,110,driver_shortage_peak_window,SLA Sentinel,high,2026-03-27T12:16:00+05:30,,732.19,,driver_shortage_loss,"{""delay_minutes"": 13, ""basket_value_inr"": 468.42, ""cancelled"": false, ""reason"": ""traffic""}",Driver capacity fell short during a peak or disrupted delivery window.,reroute_fleet_capacity,fleet_ops,fleet_manager,city_ops_manager
A-113,work_item,113,driver_shortage_peak_window,SLA Sentinel,high,2026-03-28T12:08:00+05:30,,199.81,,driver_shortage_loss,"{""delay_minutes"": 12, ""basket_value_inr"": 160.73, ""cancelled"": false, ""reason"": ""store_backlog""}",Driver capacity fell short during a peak or disrupted delivery window.,reroute_fleet_capacity,fleet_ops,fleet_manager,city_ops_manager
A-114,work_item,114,driver_shortage_peak_window,SLA Sentinel,high,2026-03-28T12:25:00+05:30,,680.5,,driver_shortage_loss,"{""delay_minutes"": 14, ""basket_value_inr"": 474.6, ""cancelled"": false, ""reason"": ""rain""}",Driver capacity fell short during a peak or disrupted delivery window.,reroute_fleet_capacity,fleet_ops,fleet_manager,city_ops_manager
A-115,work_item,115,driver_shortage_peak_window,SLA Sentinel,high,2026-03-28T12:18:00+05:30,,410.56,,driver_shortage_loss,"{""delay_minutes"": 12, ""basket_value_inr"": 304.25, ""cancelled"": false, ""reason"": ""rider_shortage""}",Driver capacity fell short during a peak or disrupted delivery window.,reroute_fleet_capacity,fleet_ops,fleet_manager,city_ops_manager
A-116,work_item,116,driver_shortage_peak_window,SLA Sentinel,high,2026-03-28T12:17:00+05:30,,229.16,,driver_shortage_loss,"{""delay_minutes"": 14, ""basket_value_inr"": 231.86, ""cancelled"": false, ""reason"": ""rain""}",Driver capacity fell short during a peak or disrupted delivery window.,reroute_fleet_capacity,fleet_ops,fleet_manager,city_ops_manager
A-118,work_item,118,driver_shortage_peak_window,SLA Sentinel,critical,2026-03-27T12:24:00+05:30,2026-03-27T14:55:00+05:30,855.04,485.66,driver_shortage_loss,"{""delay_minutes"": 16, ""basket_value_inr"": 568.53, ""cancelled"": true, ""reason"": ""traffic""}",Driver capacity fell short during a peak or disrupted delivery window.,reroute_fleet_capacity,fleet_ops,fleet_manager,city_ops_manager
A-123,work_item,123,driver_shortage_peak_window,SLA Sentinel,high,2026-03-28T12:19:00+05:30,,1049.42,,driver_shortage_loss,"{""delay_minutes"": 11, ""basket_value_inr"": 769.95, ""cancelled"": false, ""reason"": ""rain""}",Driver capacity fell short during a peak or disrupted delivery window.,reroute_fleet_capacity,fleet_ops,fleet_manager,city_ops_manager
A-124,work_item,124,driver_shortage_peak_window,SLA Sentinel,high,2026-03-28T12:06:00+05:30,,1399.84,,driver_shortage_loss,"{""delay_minutes"": 11, ""basket_value_inr"": 1257.91, ""cancelled"": false, ""reason"": ""rider_shortage""}",Driver capacity fell short during a peak or disrupted delivery window.,reroute_fleet_capacity,fleet_ops,fleet_manager,city_ops_manager
A-127,work_item,127,driver_shortage_peak_window,SLA Sentinel,critical,2026-03-27T12:33:00+05:30,,1523.28,,driver_shortage_loss,"{""delay_minutes"": 10, ""basket_value_inr"": 1315.32, ""cancelled"": true, ""reason"": ""traffic""}",Driver capacity fell short during a peak or disrupted delivery window.,reroute_fleet_capacity,fleet_ops,fleet_manager,city_ops_manager
A-128,work_item,128,driver_shortage_peak_window,SLA Sentinel,high,2026-03-28T12:34:00+05:30,,279.13,,driver_shortage_loss,"{""delay_minutes"": 13, ""basket_value_inr"": 187.58, ""cancelled"": false, ""reason"": ""rider_shortage""}",Driver capacity fell short during a peak or disrupted delivery window.,reroute_fleet_capacity,fleet_ops,fleet_manager,city_ops_manager
A-129,work_item,129,driver_shortage_peak_window,SLA Sentinel,high,2026-03-27T12:45:00+05:30,,219.97,,driver_shortage_loss,"{""delay_minutes"": 13, ""basket_value_inr"": 139.19, ""cancelled"": false, ""reason"": ""rider_shortage""}",Driver capacity fell short during a peak or disrupted delivery window.,reroute_fleet_capacity,fleet_ops,fleet_manager,city_ops_manager
A-130,work_item,130,driver_shortage_peak_window,SLA Sentinel,high,2026-03-28T12:20:00+05:30,,659.99,,driver_shortage_loss,"{""delay_minutes"": 11, ""basket_value_inr"": 539.56, ""cancelled"": false, ""reason"": ""store_backlog""}",Driver capacity fell short during a peak or disrupted delivery window.,reroute_fleet_capacity,fleet_ops,fleet_manager,city_ops_manager
A-132,work_item,132,driver_shortage_peak_window,SLA Sentinel,high,2026-03-27T12:08:00+05:30,,351.85,,driver_shortage_loss,"{""delay_minutes"": 14, ""basket_value_inr"": 352.41, ""cancelled"": false, ""reason"": ""traffic""}",Driver capacity fell short during a peak or disrupted delivery window.,reroute_fleet_capacity,fleet_ops,fleet_manager,city_ops_manager
A-133,work_item,133,driver_shortage_peak_window,SLA Sentinel,critical,2026-03-28T12:39:00+05:30,2026-03-28T14:15:00+05:30,525.89,152.15,driver_shortage_loss,"{""delay_minutes"": 10, ""basket_value_inr"": 531.49, ""cancelled"": true, ""reason"": ""rain""}",Driver capacity fell short during a peak or disrupted delivery window.,reroute_fleet_capacity,fleet_ops,fleet_manager,city_ops_manager
A-134,work_item,134,driver_shortage_peak_window,SLA Sentinel,high,2026-03-27T12:09:00+05:30,,578.11,,driver_shortage_loss,"{""delay_minutes"": 16, ""basket_value_inr"": 344.52, ""cancelled"": false, ""reason"": ""rider_shortage""}",Driver capacity fell short during a peak or disrupted delivery window.,reroute_fleet_capacity,fleet_ops,fleet_manager,city_ops_manager
A-140,work_item,140,driver_shortage_peak_window,SLA Sentinel,critical,2026-03-27T12:41:00+05:30,2026-03-27T16:24:00+05:30,315.62,189.3,driver_shortage_loss,"{""delay_minutes"": 17, ""basket_value_inr"": 357.56, ""cancelled"": true, ""reason"": ""traffic""}",Driver capacity fell short during a peak or disrupted delivery window.,reroute_fleet_capacity,fleet_ops,fleet_manager,city_ops_manager
A-141,work_item,141,driver_shortage_peak_window,SLA Sentinel,high,2026-03-28T12:06:00+05:30,,510.14,,driver_shortage_loss,"{""delay_minutes"": 20, ""basket_value_inr"": 401.23, ""cancelled"": false, ""reason"": ""store_backlog""}",Driver capacity fell short during a peak or disrupted delivery window.,reroute_fleet_capacity,fleet_ops,fleet_manager,city_ops_manager
A-143,work_item,143,driver_shortage_peak_window,SLA Sentinel,critical,2026-03-27T12:21:00+05:30,,592.98,,driver_shortage_loss,"{""delay_minutes"": 11, ""basket_value_inr"": 504.06, ""cancelled"": true, ""reason"": ""traffic""}",Driver capacity fell short during a peak or disrupted delivery window.,reroute_fleet_capacity,fleet_ops,fleet_manager,city_ops_manager
A-146,work_item,146,driver_shortage_peak_window,SLA Sentinel,high,2026-03-28T12:35:00+05:30,,1094.64,,driver_shortage_loss,"{""delay_minutes"": 16, ""basket_value_inr"": 661.69, ""cancelled"": false, ""reason"": ""rider_shortage""}",Driver capacity fell short during a peak or disrupted delivery window.,reroute_fleet_capacity,fleet_ops,fleet_manager,city_ops_manager
A-148,work_item,148,driver_shortage_peak_window,SLA Sentinel,critical,2026-03-27T12:37:00+05:30,2026-03-27T17:07:00+05:30,321.37,162.83,driver_shortage_loss,"{""delay_minutes"": 12, ""basket_value_inr"": 278.02, ""cancelled"": true, ""reason"": ""traffic""}",Driver capacity fell short during a peak or disrupted delivery window.,reroute_fleet_capacity,fleet_ops,fleet_manager,city_ops_manager
A-151,work_item,151,driver_shortage_peak_window,SLA Sentinel,critical,2026-03-28T12:29:00+05:30,,349.7,,driver_shortage_loss,"{""delay_minutes"": 18, ""basket_value_inr"": 219.55, ""cancelled"": true, ""reason"": ""inventory_substitution""}",Driver capacity fell short during a peak or disrupted delivery window.,reroute_fleet_capacity,fleet_ops,fleet_manager,city_ops_manager
A-153,work_item,153,driver_shortage_peak_window,SLA Sentinel,high,2026-03-28T12:17:00+05:30,,302.95,,driver_shortage_loss,"{""delay_minutes"": 11, ""basket_value_inr"": 315.34, ""cancelled"": false, ""reason"": ""rain""}",Driver capacity fell short during a peak or disrupted delivery window.,reroute_fleet_capacity,fleet_ops,fleet_manager,city_ops_manager
A-157,work_item,157,driver_shortage_peak_window,SLA Sentinel,high,2026-03-27T12:43:00+05:30,,687.35,,driver_shortage_loss,"{""delay_minutes"": 12, ""basket_value_inr"": 649.73, ""cancelled"": false, ""reason"": ""traffic""}",Driver capacity fell short during a peak or disrupted delivery window.,reroute_fleet_capacity,fleet_ops,fleet_manager,city_ops_manager
A-164,work_item,164,driver_shortage_peak_window,SLA Sentinel,high,2026-03-27T12:23:00+05:30,,632.41,,driver_shortage_loss,"{""delay_minutes"": 14, ""basket_value_inr"": 532.75, ""cancelled"": false, ""reason"": ""store_backlog""}",Driver capacity fell short during a peak or disrupted delivery window.,reroute_fleet_capacity,fleet_ops,fleet_manager,city_ops_manager
A-165,work_item,165,driver_shortage_peak_window,SLA Sentinel,high,2026-03-28T12:38:00+05:30,,563.23,,driver_shortage_loss,"{""delay_minutes"": 14, ""basket_value_inr"": 613.01, ""cancelled"": false, ""reason"": ""rider_shortage""}",Driver capacity fell short during a peak or disrupted delivery window.,reroute_fleet_capacity,fleet_ops,fleet_manager,city_ops_manager
A-166,work_item,166,driver_shortage_peak_window,SLA Sentinel,high,2026-03-27T12:11:00+05:30,,147.34,,driver_shortage_loss,"{""delay_minutes"": 13, ""basket_value_inr"": 184.47, ""cancelled"": false, ""reason"": ""rider_shortage""}",Driver capacity fell short during a peak or disrupted delivery window.,reroute_fleet_capacity,fleet_ops,fleet_manager,city_ops_manager
A-169,work_item,169,driver_shortage_peak_window,SLA Sentinel,high,2026-03-28T12:14:00+05:30,,82.37,,driver_shortage_loss,"{""delay_minutes"": 11, ""basket_value_inr"": 90, ""cancelled"": false, ""reason"": ""rain""}",Driver capacity fell short during a peak or disrupted delivery window.,reroute_fleet_capacity,fleet_ops,fleet_manager,city_ops_manager
A-170,work_item,170,driver_shortage_peak_window,SLA Sentinel,high,2026-03-28T12:01:00+05:30,,986.76,,driver_shortage_loss,"{""delay_minutes"": 11, ""basket_value_inr"": 598.71, ""cancelled"": false, ""reason"": ""store_backlog""}",Driver capacity fell short during a peak or disrupted delivery window.,reroute_fleet_capacity,fleet_ops,fleet_manager,city_ops_manager
A-174,work_item,174,driver_shortage_peak_window,SLA Sentinel,high,2026-03-27T12:02:00+05:30,,540.14,,driver_shortage_loss,"{""delay_minutes"": 14, ""basket_value_inr"": 396.02, ""cancelled"": false, ""reason"": ""rider_shortage""}",Driver capacity fell short during a peak or disrupted delivery window.,reroute_fleet_capacity,fleet_ops,fleet_manager,city_ops_manager
A-175,work_item,175,driver_shortage_peak_window,SLA Sentinel,high,2026-03-28T12:15:00+05:30,,615.4,,driver_shortage_loss,"{""delay_minutes"": 15, ""basket_value_inr"": 385.69, ""cancelled"": false, ""reason"": ""rider_shortage""}",Driver capacity fell short during a peak or disrupted delivery window.,reroute_fleet_capacity,fleet_ops,fleet_manager,city_ops_manager
A-176,work_item,176,driver_shortage_peak_window,SLA Sentinel,high,2026-03-28T12:22:00+05:30,,400.37,,driver_shortage_loss,"{""delay_minutes"": 11, ""basket_value_inr"": 287.58, ""cancelled"": false, ""reason"": ""store_backlog""}",Driver capacity fell short during a peak or disrupted delivery window.,reroute_fleet_capacity,fleet_ops,fleet_manager,city_ops_manager
A-177,work_item,177,driver_shortage_peak_window,SLA Sentinel,high,2026-03-27T12:27:00+05:30,,219.2,,driver_shortage_loss,"{""delay_minutes"": 12, ""basket_value_inr"": 204.51, ""cancelled"": false, ""reason"": ""traffic""}",Driver capacity fell short during a peak or disrupted delivery window.,reroute_fleet_capacity,fleet_ops,fleet_manager,city_ops_manager
A-178,work_item,178,driver_shortage_peak_window,SLA Sentinel,critical,2026-03-28T12:04:00+05:30,2026-03-28T13:36:00+05:30,1067.21,495.42,driver_shortage_loss,"{""delay_minutes"": 18, ""basket_value_inr"": 847.49, ""cancelled"": true, ""reason"": ""rain""}",Driver capacity fell short during a peak or disrupted delivery window.,reroute_fleet_capacity,fleet_ops,fleet_manager,city_ops_manager
A-179,work_item,179,driver_shortage_peak_window,SLA Sentinel,high,2026-03-28T12:18:00+05:30,,1066.27,,driver_shortage_loss,"{""delay_minutes"": 11, ""basket_value_inr"": 638.6, ""cancelled"": false, ""reason"": ""rain""}",Driver capacity fell short during a peak or disrupted delivery window.,reroute_fleet_capacity,fleet_ops,fleet_manager,city_ops_manager
A-181,work_item,181,driver_shortage_peak_window,SLA Sentinel,critical,2026-03-27T12:29:00+05:30,,675.67,,driver_shortage_loss,"{""delay_minutes"": 17, ""basket_value_inr"": 796.63, ""cancelled"": true, ""reason"": ""traffic""}",Driver capacity fell short during a peak or disrupted delivery window.,reroute_fleet_capacity,fleet_ops,fleet_manager,city_ops_manager
A-182,work_item,182,driver_shortage_peak_window,SLA Sentinel,high,2026-03-28T12:23:00+05:30,,769.81,,driver_shortage_loss,"{""delay_minutes"": 11, ""basket_value_inr"": 499.28, ""cancelled"": false, ""reason"": ""rain""}",Driver capacity fell short during a peak or disrupted delivery window.,reroute_fleet_capacity,fleet_ops,fleet_manager,city_ops_manager
A-183,work_item,183,driver_shortage_peak_window,SLA Sentinel,critical,2026-03-28T12:24:00+05:30,2026-03-28T16:48:00+05:30,1072.34,326.42,driver_shortage_loss,"{""delay_minutes"": 13, ""basket_value_inr"": 672.27, ""cancelled"": true, ""reason"": ""traffic""}",Driver capacity fell short during a peak or disrupted delivery window.,reroute_fleet_capacity,fleet_ops,fleet_manager,city_ops_manager
A-185,work_item,185,driver_shortage_peak_window,SLA Sentinel,critical,2026-03-28T12:27:00+05:30,,250.79,,driver_shortage_loss,"{""delay_minutes"": 12, ""basket_value_inr"": 213.95, ""cancelled"": true, ""reason"": ""traffic""}",Driver capacity fell short during a peak or disrupted delivery window.,reroute_fleet_capacity,fleet_ops,fleet_manager,city_ops_manager
A-186,work_item,186,driver_shortage_peak_window,SLA Sentinel,critical,2026-03-28T12:27:00+05:30,,655.9,,driver_shortage_loss,"{""delay_minutes"": 12, ""basket_value_inr"": 459.74, ""cancelled"": true, ""reason"": ""traffic""}",Driver capacity fell short during a peak or disrupted delivery window.,reroute_fleet_capacity,fleet_ops,fleet_manager,city_ops_manager
A-187,work_item,187,driver_shortage_peak_window,SLA Sentinel,critical,2026-03-27T12:25:00+05:30,2026-03-27T15:23:00+05:30,784.8,303.81,driver_shortage_loss,"{""delay_minutes"": 13, ""basket_value_inr"": 658.05, ""cancelled"": true, ""reason"": ""traffic""}",Driver capacity fell short during a peak or disrupted delivery window.,reroute_fleet_capacity,fleet_ops,fleet_manager,city_ops_manager
A-189,work_item,189,driver_shortage_peak_window,SLA Sentinel,high,2026-03-28T12:16:00+05:30,,238.66,,driver_shortage_loss,"{""delay_minutes"": 12, ""basket_value_inr"": 258.63, ""cancelled"": false, ""reason"": ""rider_shortage""}",Driver capacity fell short during a peak or disrupted delivery window.,reroute_fleet_capacity,fleet_ops,fleet_manager,city_ops_manager
A-191,work_item,191,driver_shortage_peak_window,SLA Sentinel,high,2026-03-28T12:16:00+05:30,,324.59,,driver_shortage_loss,"{""delay_minutes"": 13, ""basket_value_inr"": 258.18, ""cancelled"": false, ""reason"": ""rain""}",Driver capacity fell short during a peak or disrupted delivery window.,reroute_fleet_capacity,fleet_ops,fleet_manager,city_ops_manager
A-194,work_item,194,driver_shortage_peak_window,SLA Sentinel,critical,2026-03-27T12:14:00+05:30,,210.83,,driver_shortage_loss,"{""delay_minutes"": 16, ""basket_value_inr"": 202.18, ""cancelled"": true, ""reason"": ""delivery_delay""}",Driver capacity fell short during a peak or disrupted delivery window.,reroute_fleet_capacity,fleet_ops,fleet_manager,city_ops_manager
A-197,work_item,197,driver_shortage_peak_window,SLA Sentinel,high,2026-03-28T12:30:00+05:30,,116.62,,driver_shortage_loss,"{""delay_minutes"": 14, ""basket_value_inr"": 90, ""cancelled"": false, ""reason"": ""rain""}",Driver capacity fell short during a peak or disrupted delivery window.,reroute_fleet_capacity,fleet_ops,fleet_manager,city_ops_manager
A-198,work_item,198,driver_shortage_peak_window,SLA Sentinel,critical,2026-03-27T12:17:00+05:30,2026-03-27T13:50:00+05:30,777.67,442.96,driver_shortage_loss,"{""delay_minutes"": 13, ""basket_value_inr"": 731.92, ""cancelled"": true, ""reason"": ""traffic""}",Driver capacity fell short during a peak or disrupted delivery window.,reroute_fleet_capacity,fleet_ops,fleet_manager,city_ops_manager
A-199,work_item,199,driver_shortage_peak_window,SLA Sentinel,high,2026-03-28T12:11:00+05:30,,439.46,,driver_shortage_loss,"{""delay_minutes"": 18, ""basket_value_inr"": 369.58, ""cancelled"": false, ""reason"": ""rain""}",Driver capacity fell short during a peak or disrupted delivery window.,reroute_fleet_capacity,fleet_ops,fleet_manager,city_ops_manager
A-200,work_item,200,driver_shortage_peak_window,SLA Sentinel,critical,2026-03-28T12:16:00+05:30,2026-03-28T14:25:00+05:30,704.22,237.93,driver_shortage_loss,"{""delay_minutes"": 20, ""basket_value_inr"": 557.68, ""cancelled"": true, ""reason"": ""store_backlog""}",Driver capacity fell short during a peak or disrupted delivery window.,reroute_fleet_capacity,fleet_ops,fleet_manager,city_ops_manager
A-204,work_item,204,driver_shortage_peak_window,SLA Sentinel,critical,2026-03-28T12:30:00+05:30,,796.66,,driver_shortage_loss,"{""delay_minutes"": 10, ""basket_value_inr"": 480.59, ""cancelled"": true, ""reason"": ""rain""}",Driver capacity fell short during a peak or disrupted delivery window.,reroute_fleet_capacity,fleet_ops,fleet_manager,city_ops_manager
A-206,work_item,206,driver_shortage_peak_window,SLA Sentinel,critical,2026-03-27T12:18:00+05:30,,1292.65,,driver_shortage_loss,"{""delay_minutes"": 15, ""basket_value_inr"": 1042.82, ""cancelled"": true, ""reason"": ""traffic""}",Driver capacity fell short during a peak or disrupted delivery window.,reroute_fleet_capacity,fleet_ops,fleet_manager,city_ops_manager
A-207,work_item,207,driver_shortage_peak_window,SLA Sentinel,high,2026-03-28T12:34:00+05:30,,850.44,,driver_shortage_loss,"{""delay_minutes"": 15, ""basket_value_inr"": 612.84, ""cancelled"": false, ""reason"": ""rider_shortage""}",Driver capacity fell short during a peak or disrupted delivery window.,reroute_fleet_capacity,fleet_ops,fleet_manager,city_ops_manager
A-208,work_item,208,driver_shortage_peak_window,SLA Sentinel,high,2026-03-27T12:01:00+05:30,,430.91,,driver_shortage_loss,"{""delay_minutes"": 11, ""basket_value_inr"": 469.17, ""cancelled"": false, ""reason"": ""traffic""}",Driver capacity fell short during a peak or disrupted delivery window.,reroute_fleet_capacity,fleet_ops,fleet_manager,city_ops_manager
A-209,work_item,209,driver_shortage_peak_window,SLA Sentinel,critical,2026-03-27T12:02:00+05:30,,591.41,,driver_shortage_loss,"{""delay_minutes"": 9, ""basket_value_inr"": 718.97, ""cancelled"": true, ""reason"": ""traffic""}",Driver capacity fell short during a peak or disrupted delivery window.,reroute_fleet_capacity,fleet_ops,fleet_manager,city_ops_manager
A-210,work_item,210,driver_shortage_peak_window,SLA Sentinel,critical,2026-03-28T12:19:00+05:30,2026-03-28T14:21:00+05:30,312.17,76.44,driver_shortage_loss,"{""delay_minutes"": 8, ""basket_value_inr"": 225.36, ""cancelled"": true, ""reason"": ""traffic""}",Driver capacity fell short during a peak or disrupted delivery window.,reroute_fleet_capacity,fleet_ops,fleet_manager,city_ops_manager
A-216,work_item,216,driver_shortage_peak_window,SLA Sentinel,high,2026-03-28T12:41:00+05:30,,256.85,,driver_shortage_loss,"{""delay_minutes"": 11, ""basket_value_inr"": 232.26, ""cancelled"": false, ""reason"": ""rider_shortage""}",Driver capacity fell short during a peak or disrupted delivery window.,reroute_fleet_capacity,fleet_ops,fleet_manager,city_ops_manager
A-218,work_item,218,driver_shortage_peak_window,SLA Sentinel,high,2026-03-28T12:23:00+05:30,,363.7,,driver_shortage_loss,"{""delay_minutes"": 15, ""basket_value_inr"": 386.86, ""cancelled"": false, ""reason"": ""store_backlog""}",Driver capacity fell short during a peak or disrupted delivery window.,reroute_fleet_capacity,fleet_ops,fleet_manager,city_ops_manager
A-223,work_item,223,driver_shortage_peak_window,SLA Sentinel,high,2026-03-28T12:07:00+05:30,,762.41,,driver_shortage_loss,"{""delay_minutes"": 12, ""basket_value_inr"": 748.44, ""cancelled"": false, ""reason"": ""store_backlog""}",Driver capacity fell short during a peak or disrupted delivery window.,reroute_fleet_capacity,fleet_ops,fleet_manager,city_ops_manager
A-227,work_item,227,driver_shortage_peak_window,SLA Sentinel,critical,2026-03-27T12:43:00+05:30,,766.01,,driver_shortage_loss,"{""delay_minutes"": 17, ""basket_value_inr"": 627.06, ""cancelled"": true, ""reason"": ""traffic""}",Driver capacity fell short during a peak or disrupted delivery window.,reroute_fleet_capacity,fleet_ops,fleet_manager,city_ops_manager
A-229,work_item,229,driver_shortage_peak_window,SLA Sentinel,high,2026-03-28T12:15:00+05:30,,351.7,,driver_shortage_loss,"{""delay_minutes"": 12, ""basket_value_inr"": 251.58, ""cancelled"": false, ""reason"": ""rain""}",Driver capacity fell short during a peak or disrupted delivery window.,reroute_fleet_capacity,fleet_ops,fleet_manager,city_ops_manager
A-230,work_item,230,driver_shortage_peak_window,SLA Sentinel,high,2026-03-28T12:39:00+05:30,,296.04,,driver_shortage_loss,"{""delay_minutes"": 12, ""basket_value_inr"": 299.45, ""cancelled"": false, ""reason"": ""store_backlog""}",Driver capacity fell short during a peak or disrupted delivery window.,reroute_fleet_capacity,fleet_ops,fleet_manager,city_ops_manager
A-233,work_item,233,driver_shortage_peak_window,SLA Sentinel,high,2026-03-28T12:34:00+05:30,,146.75,,driver_shortage_loss,"{""delay_minutes"": 18, ""basket_value_inr"": 124.6, ""cancelled"": false, ""reason"": ""rain""}",Driver capacity fell short during a peak or disrupted delivery window.,reroute_fleet_capacity,fleet_ops,fleet_manager,city_ops_manager
A-234,work_item,234,driver_shortage_peak_window,SLA Sentinel,critical,2026-03-28T12:05:00+05:30,,750.97,,driver_shortage_loss,"{""delay_minutes"": 13, ""basket_value_inr"": 450.46, ""cancelled"": true, ""reason"": ""delivery_delay""}",Driver capacity fell short during a peak or disrupted delivery window.,reroute_fleet_capacity,fleet_ops,fleet_manager,city_ops_manager
A-237,work_item,237,driver_shortage_peak_window,SLA Sentinel,high,2026-03-28T12:19:00+05:30,,1185.88,,driver_shortage_loss,"{""delay_minutes"": 11, ""basket_value_inr"": 761.1, ""cancelled"": false, ""reason"": ""rider_shortage""}",Driver capacity fell short during a peak or disrupted delivery window.,reroute_fleet_capacity,fleet_ops,fleet_manager,city_ops_manager
A-238,work_item,238,driver_shortage_peak_window,SLA Sentinel,high,2026-03-28T12:30:00+05:30,,1005.95,,driver_shortage_loss,"{""delay_minutes"": 17, ""basket_value_inr"": 654.06, ""cancelled"": false, ""reason"": ""store_backlog""}",Driver capacity fell short during a peak or disrupted delivery window.,reroute_fleet_capacity,fleet_ops,fleet_manager,city_ops_manager
A-240,work_item,240,driver_shortage_peak_window,SLA Sentinel,high,2026-03-28T12:21:00+05:30,,206.02,,driver_shortage_loss,"{""delay_minutes"": 11, ""basket_value_inr"": 174.54, ""cancelled"": false, ""reason"": ""rider_shortage""}",Driver capacity fell short during a peak or disrupted delivery window.,reroute_fleet_capacity,fleet_ops,fleet_manager,city_ops_manager
A-241,work_item,241,driver_shortage_peak_window,SLA Sentinel,high,2026-03-28T12:30:00+05:30,,379.7,,driver_shortage_loss,"{""delay_minutes"": 17, ""basket_value_inr"": 379.13, ""cancelled"": false, ""reason"": ""rider_shortage""}",Driver capacity fell short during a peak or disrupted delivery window.,reroute_fleet_capacity,fleet_ops,fleet_manager,city_ops_manager
A-242,work_item,242,driver_shortage_peak_window,SLA Sentinel,high,2026-03-28T12:42:00+05:30,,905.42,,driver_shortage_loss,"{""delay_minutes"": 14, ""basket_value_inr"": 641.75, ""cancelled"": false, ""reason"": ""rider_shortage""}",Driver capacity fell short during a peak or disrupted delivery window.,reroute_fleet_capacity,fleet_ops,fleet_manager,city_ops_manager
A-247,work_item,247,driver_shortage_peak_window,SLA Sentinel,high,2026-03-27T12:37:00+05:30,,539.84,,driver_shortage_loss,"{""delay_minutes"": 14, ""basket_value_inr"": 660.92, ""cancelled"": false, ""reason"": ""store_backlog""}",Driver capacity fell short during a peak or disrupted delivery window.,reroute_fleet_capacity,fleet_ops,fleet_manager,city_ops_manager
A-248,work_item,248,driver_shortage_peak_window,SLA Sentinel,critical,2026-03-27T12:26:00+05:30,2026-03-27T16:56:00+05:30,194.69,83.83,driver_shortage_loss,"{""delay_minutes"": 13, ""basket_value_inr"": 131.22, ""cancelled"": true, ""reason"": ""traffic""}",Driver capacity fell short during a peak or disrupted delivery window.,reroute_fleet_capacity,fleet_ops,fleet_manager,city_ops_manager
A-249,work_item,249,driver_shortage_peak_window,SLA Sentinel,critical,2026-03-28T12:21:00+05:30,2026-03-28T14:28:00+05:30,483.94,198.25,driver_shortage_loss,"{""delay_minutes"": 18, ""basket_value_inr"": 371.2, ""cancelled"": true, ""reason"": ""delivery_delay""}",Driver capacity fell short during a peak or disrupted delivery window.,reroute_fleet_capacity,fleet_ops,fleet_manager,city_ops_manager
A-251,work_item,251,driver_shortage_peak_window,SLA Sentinel,high,2026-03-28T12:32:00+05:30,,571.37,,driver_shortage_loss,"{""delay_minutes"": 14, ""basket_value_inr"": 490.57, ""cancelled"": false, ""reason"": ""rider_shortage""}",Driver capacity fell short during a peak or disrupted delivery window.,reroute_fleet_capacity,fleet_ops,fleet_manager,city_ops_manager
A-255,work_item,255,driver_shortage_peak_window,SLA Sentinel,critical,2026-03-27T12:42:00+05:30,,340.67,,driver_shortage_loss,"{""delay_minutes"": 9, ""basket_value_inr"": 235.02, ""cancelled"": true, ""reason"": ""traffic""}",Driver capacity fell short during a peak or disrupted delivery window.,reroute_fleet_capacity,fleet_ops,fleet_manager,city_ops_manager
A-256,work_item,256,driver_shortage_peak_window,SLA Sentinel,high,2026-03-28T12:13:00+05:30,,172.58,,driver_shortage_loss,"{""delay_minutes"": 13, ""basket_value_inr"": 208.09, ""cancelled"": false, ""reason"": ""rain""}",Driver capacity fell short during a peak or disrupted delivery window.,reroute_fleet_capacity,fleet_ops,fleet_manager,city_ops_manager
A-257,work_item,257,driver_shortage_peak_window,SLA Sentinel,high,2026-03-28T12:15:00+05:30,,552.36,,driver_shortage_loss,"{""delay_minutes"": 16, ""basket_value_inr"": 475.41, ""cancelled"": false, ""reason"": ""store_backlog""}",Driver capacity fell short during a peak or disrupted delivery window.,reroute_fleet_capacity,fleet_ops,fleet_manager,city_ops_manager
A-264,work_item,264,driver_shortage_peak_window,SLA Sentinel,high,2026-03-28T12:14:00+05:30,,195.1,,driver_shortage_loss,"{""delay_minutes"": 11, ""basket_value_inr"": 123.55, ""cancelled"": false, ""reason"": ""rider_shortage""}",Driver capacity fell short during a peak or disrupted delivery window.,reroute_fleet_capacity,fleet_ops,fleet_manager,city_ops_manager
A-265,work_item,265,driver_shortage_peak_window,SLA Sentinel,high,2026-03-27T12:15:00+05:30,,344.87,,driver_shortage_loss,"{""delay_minutes"": 11, ""basket_value_inr"": 240.99, ""cancelled"": false, ""reason"": ""traffic""}",Driver capacity fell short during a peak or disrupted delivery window.,reroute_fleet_capacity,fleet_ops,fleet_manager,city_ops_manager
A-266,work_item,266,driver_shortage_peak_window,SLA Sentinel,high,2026-03-27T12:31:00+05:30,,550.82,,driver_shortage_loss,"{""delay_minutes"": 14, ""basket_value_inr"": 364.65, ""cancelled"": false, ""reason"": ""rider_shortage""}",Driver capacity fell short during a peak or disrupted delivery window.,reroute_fleet_capacity,fleet_ops,fleet_manager,city_ops_manager
A-267,work_item,267,driver_shortage_peak_window,SLA Sentinel,high,2026-03-28T12:38:00+05:30,,548.92,,driver_shortage_loss,"{""delay_minutes"": 14, ""basket_value_inr"": 560.49, ""cancelled"": false, ""reason"": ""rain""}",Driver capacity fell short during a peak or disrupted delivery window.,reroute_fleet_capacity,fleet_ops,fleet_manager,city_ops_manager
A-268,work_item,268,driver_shortage_peak_window,SLA Sentinel,high,2026-03-28T12:27:00+05:30,,810.54,,driver_shortage_loss,"{""delay_minutes"": 20, ""basket_value_inr"": 770.44, ""cancelled"": false, ""reason"": ""rain""}",Driver capacity fell short during a peak or disrupted delivery window.,reroute_fleet_capacity,fleet_ops,fleet_manager,city_ops_manager
A-274,work_item,274,driver_shortage_peak_window,SLA Sentinel,high,2026-03-28T12:08:00+05:30,,561.7,,driver_shortage_loss,"{""delay_minutes"": 13, ""basket_value_inr"": 597.46, ""cancelled"": false, ""reason"": ""rider_shortage""}",Driver capacity fell short during a peak or disrupted delivery window.,reroute_fleet_capacity,fleet_ops,fleet_manager,city_ops_manager
A-275,work_item,275,driver_shortage_peak_window,SLA Sentinel,critical,2026-03-28T12:21:00+05:30,2026-03-28T13:37:00+05:30,655.6,377.77,driver_shortage_loss,"{""delay_minutes"": 10, ""basket_value_inr"": 458.52, ""cancelled"": true, ""reason"": ""delivery_delay""}",Driver capacity fell short during a peak or disrupted delivery window.,reroute_fleet_capacity,fleet_ops,fleet_manager,city_ops_manager
A-278,work_item,278,driver_shortage_peak_window,SLA Sentinel,high,2026-03-28T12:39:00+05:30,,129.77,,driver_shortage_loss,"{""delay_minutes"": 14, ""basket_value_inr"": 101.65, ""cancelled"": false, ""reason"": ""rain""}",Driver capacity fell short during a peak or disrupted delivery window.,reroute_fleet_capacity,fleet_ops,fleet_manager,city_ops_manager
A-279,work_item,279,driver_shortage_peak_window,SLA Sentinel,high,2026-03-28T12:09:00+05:30,,1701.49,,driver_shortage_loss,"{""delay_minutes"": 14, ""basket_value_inr"": 1019.86, ""cancelled"": false, ""reason"": ""store_backlog""}",Driver capacity fell short during a peak or disrupted delivery window.,reroute_fleet_capacity,fleet_ops,fleet_manager,city_ops_manager
A-283,work_item,283,driver_shortage_peak_window,SLA Sentinel,high,2026-03-27T12:28:00+05:30,,1325.16,,driver_shortage_loss,"{""delay_minutes"": 13, ""basket_value_inr"": 1099.68, ""cancelled"": false, ""reason"": ""traffic""}",Driver capacity fell short during a peak or disrupted delivery window.,reroute_fleet_capacity,fleet_ops,fleet_manager,city_ops_manager
A-284,work_item,284,driver_shortage_peak_window,SLA Sentinel,high,2026-03-27T12:36:00+05:30,,1697.88,,driver_shortage_loss,"{""delay_minutes"": 15, ""basket_value_inr"": 1012.31, ""cancelled"": false, ""reason"": ""traffic""}",Driver capacity fell short during a peak or disrupted delivery window.,reroute_fleet_capacity,fleet_ops,fleet_manager,city_ops_manager
A-286,work_item,286,driver_shortage_peak_window,SLA Sentinel,critical,2026-03-28T12:43:00+05:30,,1796.65,,driver_shortage_loss,"{""delay_minutes"": 18, ""basket_value_inr"": 1119.31, ""cancelled"": true, ""reason"": ""rain""}",Driver capacity fell short during a peak or disrupted delivery window.,reroute_fleet_capacity,fleet_ops,fleet_manager,city_ops_manager
A-287,work_item,287,driver_shortage_peak_window,SLA Sentinel,high,2026-03-28T12:17:00+05:30,,310.85,,driver_shortage_loss,"{""delay_minutes"": 13, ""basket_value_inr"": 309.36, ""cancelled"": false, ""reason"": ""store_backlog""}",Driver capacity fell short during a peak or disrupted delivery window.,reroute_fleet_capacity,fleet_ops,fleet_manager,city_ops_manager
A-288,work_item,288,driver_shortage_peak_window,SLA Sentinel,high,2026-03-28T12:11:00+05:30,,1027.52,,driver_shortage_loss,"{""delay_minutes"": 15, ""basket_value_inr"": 660.64, ""cancelled"": false, ""reason"": ""rider_shortage""}",Driver capacity fell short during a peak or disrupted delivery window.,reroute_fleet_capacity,fleet_ops,fleet_manager,city_ops_manager
A-294,work_item,294,driver_shortage_peak_window,SLA Sentinel,critical,2026-03-28T12:12:00+05:30,2026-03-28T15:36:00+05:30,586.9,139.43,driver_shortage_loss,"{""delay_minutes"": 9, ""basket_value_inr"": 684.42, ""cancelled"": true, ""reason"": ""delivery_delay""}",Driver capacity fell short during a peak or disrupted delivery window.,reroute_fleet_capacity,fleet_ops,fleet_manager,city_ops_manager
A-299,work_item,299,driver_shortage_peak_window,SLA Sentinel,high,2026-03-28T12:11:00+05:30,,1464.35,,driver_shortage_loss,"{""delay_minutes"": 12, ""basket_value_inr"": 984.88, ""cancelled"": false, ""reason"": ""store_backlog""}",Driver capacity fell short during a peak or disrupted delivery window.,reroute_fleet_capacity,fleet_ops,fleet_manager,city_ops_manager
A-300,work_item,300,driver_shortage_peak_window,SLA Sentinel,high,2026-03-28T12:37:00+05:30,,1204.02,,driver_shortage_loss,"{""delay_minutes"": 12, ""basket_value_inr"": 724.99, ""cancelled"": false, ""reason"": ""rain""}",Driver capacity fell short during a peak or disrupted delivery window.,reroute_fleet_capacity,fleet_ops,fleet_manager,city_ops_manager
A-303,work_item,303,driver_shortage_peak_window,SLA Sentinel,critical,2026-03-27T12:07:00+05:30,,245.83,,driver_shortage_loss,"{""delay_minutes"": 10, ""basket_value_inr"": 231.86, ""cancelled"": true, ""reason"": ""traffic""}",Driver capacity fell short during a peak or disrupted delivery window.,reroute_fleet_capacity,fleet_ops,fleet_manager,city_ops_manager
A-313,work_item,313,driver_shortage_peak_window,SLA Sentinel,high,2026-03-27T12:05:00+05:30,,259.94,,driver_shortage_loss,"{""delay_minutes"": 13, ""basket_value_inr"": 154.8, ""cancelled"": false, ""reason"": ""traffic""}",Driver capacity fell short during a peak or disrupted delivery window.,reroute_fleet_capacity,fleet_ops,fleet_manager,city_ops_manager
A-315,work_item,315,driver_shortage_peak_window,SLA Sentinel,critical,2026-03-28T12:25:00+05:30,2026-03-28T14:03:00+05:30,1114.7,489.68,driver_shortage_loss,"{""delay_minutes"": 10, ""basket_value_inr"": 1113.8, ""cancelled"": true, ""reason"": ""traffic""}",Driver capacity fell short during a peak or disrupted delivery window.,reroute_fleet_capacity,fleet_ops,fleet_manager,city_ops_manager
A-317,work_item,317,driver_shortage_peak_window,SLA Sentinel,critical,2026-03-27T12:18:00+05:30,,1122.28,,driver_shortage_loss,"{""delay_minutes"": 15, ""basket_value_inr"": 1288.79, ""cancelled"": true, ""reason"": ""traffic""}",Driver capacity fell short during a peak or disrupted delivery window.,reroute_fleet_capacity,fleet_ops,fleet_manager,city_ops_manager
A-320,work_item,320,driver_shortage_peak_window,SLA Sentinel,high,2026-03-28T12:17:00+05:30,,791.7,,driver_shortage_loss,"{""delay_minutes"": 14, ""basket_value_inr"": 639.69, ""cancelled"": false, ""reason"": ""rain""}",Driver capacity fell short during a peak or disrupted delivery window.,reroute_fleet_capacity,fleet_ops,fleet_manager,city_ops_manager
A-321,work_item,321,driver_shortage_peak_window,SLA Sentinel,high,2026-03-28T12:42:00+05:30,,330.97,,driver_shortage_loss,"{""delay_minutes"": 16, ""basket_value_inr"": 314.21, ""cancelled"": false, ""reason"": ""rider_shortage""}",Driver capacity fell short during a peak or disrupted delivery window.,reroute_fleet_capacity,fleet_ops,fleet_manager,city_ops_manager
A-322,work_item,322,driver_shortage_peak_window,SLA Sentinel,high,2026-03-28T12:05:00+05:30,,1005.05,,driver_shortage_loss,"{""delay_minutes"": 17, ""basket_value_inr"": 664.56, ""cancelled"": false, ""reason"": ""store_backlog""}",Driver capacity fell short during a peak or disrupted delivery window.,reroute_fleet_capacity,fleet_ops,fleet_manager,city_ops_manager
A-323,work_item,323,driver_shortage_peak_window,SLA Sentinel,high,2026-03-28T12:43:00+05:30,,284.68,,driver_shortage_loss,"{""delay_minutes"": 16, ""basket_value_inr"": 214.44, ""cancelled"": false, ""reason"": ""rider_shortage""}",Driver capacity fell short during a peak or disrupted delivery window.,reroute_fleet_capacity,fleet_ops,fleet_manager,city_ops_manager
A-324,work_item,324,driver_shortage_peak_window,SLA Sentinel,high,2026-03-28T12:34:00+05:30,,954.67,,driver_shortage_loss,"{""delay_minutes"": 12, ""basket_value_inr"": 689.63, ""cancelled"": false, ""reason"": ""rider_shortage""}",Driver capacity fell short during a peak or disrupted delivery window.,reroute_fleet_capacity,fleet_ops,fleet_manager,city_ops_manager
A-327,work_item,327,driver_shortage_peak_window,SLA Sentinel,critical,2026-03-27T12:19:00+05:30,,932.71,,driver_shortage_loss,"{""delay_minutes"": 11, ""basket_value_inr"": 647.78, ""cancelled"": true, ""reason"": ""traffic""}",Driver capacity fell short during a peak or disrupted delivery window.,reroute_fleet_capacity,fleet_ops,fleet_manager,city_ops_manager
A-329,work_item,329,driver_shortage_peak_window,SLA Sentinel,high,2026-03-27T12:25:00+05:30,,495.96,,driver_shortage_loss,"{""delay_minutes"": 11, ""basket_value_inr"": 601.35, ""cancelled"": false, ""reason"": ""store_backlog""}",Driver capacity fell short during a peak or disrupted delivery window.,reroute_fleet_capacity,fleet_ops,fleet_manager,city_ops_manager
A-330,work_item,330,driver_shortage_peak_window,SLA Sentinel,critical,2026-03-28T12:16:00+05:30,2026-03-28T13:48:00+05:30,712.06,250.49,driver_shortage_loss,"{""delay_minutes"": 11, ""basket_value_inr"": 684.37, ""cancelled"": true, ""reason"": ""delivery_delay""}",Driver capacity fell short during a peak or disrupted delivery window.,reroute_fleet_capacity,fleet_ops,fleet_manager,city_ops_manager
A-333,work_item,333,driver_shortage_peak_window,SLA Sentinel,high,2026-03-27T12:13:00+05:30,,688.64,,driver_shortage_loss,"{""delay_minutes"": 12, ""basket_value_inr"": 527.89, ""cancelled"": false, ""reason"": ""rider_shortage""}",Driver capacity fell short during a peak or disrupted delivery window.,reroute_fleet_capacity,fleet_ops,fleet_manager,city_ops_manager
A-335,work_item,335,driver_shortage_peak_window,SLA Sentinel,critical,2026-03-27T12:25:00+05:30,2026-03-27T13:39:00+05:30,1103.98,485.67,driver_shortage_loss,"{""delay_minutes"": 11, ""basket_value_inr"": 657.58, ""cancelled"": true, ""reason"": ""traffic""}",Driver capacity fell short during a peak or disrupted delivery window.,reroute_fleet_capacity,fleet_ops,fleet_manager,city_ops_manager
A-336,work_item,336,driver_shortage_peak_window,SLA Sentinel,high,2026-03-28T12:32:00+05:30,,667.42,,driver_shortage_loss,"{""delay_minutes"": 11, ""basket_value_inr"": 757.96, ""cancelled"": false, ""reason"": ""rain""}",Driver capacity fell short during a peak or disrupted delivery window.,reroute_fleet_capacity,fleet_ops,fleet_manager,city_ops_manager
A-337,work_item,337,driver_shortage_peak_window,SLA Sentinel,high,2026-03-27T12:28:00+05:30,,1169.12,,driver_shortage_loss,"{""delay_minutes"": 13, ""basket_value_inr"": 858.07, ""cancelled"": false, ""reason"": ""inventory_substitution""}",Driver capacity fell short during a peak or disrupted delivery window.,reroute_fleet_capacity,fleet_ops,fleet_manager,city_ops_manager
A-338,work_item,338,driver_shortage_peak_window,SLA Sentinel,high,2026-03-28T12:00:00+05:30,,691.04,,driver_shortage_loss,"{""delay_minutes"": 14, ""basket_value_inr"": 614.31, ""cancelled"": false, ""reason"": ""rider_shortage""}",Driver capacity fell short during a peak or disrupted delivery window.,reroute_fleet_capacity,fleet_ops,fleet_manager,city_ops_manager
A-342,work_item,342,driver_shortage_peak_window,SLA Sentinel,high,2026-03-28T12:10:00+05:30,,1403.28,,driver_shortage_loss,"{""delay_minutes"": 11, ""basket_value_inr"": 935.03, ""cancelled"": false, ""reason"": ""rider_shortage""}",Driver capacity fell short during a peak or disrupted delivery window.,reroute_fleet_capacity,fleet_ops,fleet_manager,city_ops_manager
A-343,work_item,343,driver_shortage_peak_window,SLA Sentinel,critical,2026-03-27T12:45:00+05:30,,256.18,,driver_shortage_loss,"{""delay_minutes"": 11, ""basket_value_inr"": 183.09, ""cancelled"": true, ""reason"": ""delivery_delay""}",Driver capacity fell short during a peak or disrupted delivery window.,reroute_fleet_capacity,fleet_ops,fleet_manager,city_ops_manager
A-345,work_item,345,driver_shortage_peak_window,SLA Sentinel,high,2026-03-27T12:08:00+05:30,,1068.55,,driver_shortage_loss,"{""delay_minutes"": 13, ""basket_value_inr"": 672.51, ""cancelled"": false, ""reason"": ""store_backlog""}",Driver capacity fell short during a peak or disrupted delivery window.,reroute_fleet_capacity,fleet_ops,fleet_manager,city_ops_manager
A-346,work_item,346,driver_shortage_peak_window,SLA Sentinel,high,2026-03-28T12:28:00+05:30,,655.9,,driver_shortage_loss,"{""delay_minutes"": 15, ""basket_value_inr"": 504.94, ""cancelled"": false, ""reason"": ""rider_shortage""}",Driver capacity fell short during a peak or disrupted delivery window.,reroute_fleet_capacity,fleet_ops,fleet_manager,city_ops_manager
A-351,work_item,351,driver_shortage_peak_window,SLA Sentinel,critical,2026-03-27T12:30:00+05:30,2026-03-27T13:42:00+05:30,148.66,37.33,driver_shortage_loss,"{""delay_minutes"": 14, ""basket_value_inr"": 128.48, ""cancelled"": true, ""reason"": ""delivery_delay""}",Driver capacity fell short during a peak or disrupted delivery window.,reroute_fleet_capacity,fleet_ops,fleet_manager,city_ops_manager
A-352,work_item,352,driver_shortage_peak_window,SLA Sentinel,high,2026-03-27T12:11:00+05:30,,146.15,,driver_shortage_loss,"{""delay_minutes"": 12, ""basket_value_inr"": 127.73, ""cancelled"": false, ""reason"": ""store_backlog""}",Driver capacity fell short during a peak or disrupted delivery window.,reroute_fleet_capacity,fleet_ops,fleet_manager,city_ops_manager
A-355,work_item,355,driver_shortage_peak_window,SLA Sentinel,critical,2026-03-27T12:03:00+05:30,,547.7,,driver_shortage_loss,"{""delay_minutes"": 18, ""basket_value_inr"": 387.2, ""cancelled"": true, ""reason"": ""traffic""}",Driver capacity fell short during a peak or disrupted delivery window.,reroute_fleet_capacity,fleet_ops,fleet_manager,city_ops_manager
A-356,work_item,356,driver_shortage_peak_window,SLA Sentinel,high,2026-03-28T12:37:00+05:30,,716.04,,driver_shortage_loss,"{""delay_minutes"": 12, ""basket_value_inr"": 521.46, ""cancelled"": false, ""reason"": ""rider_shortage""}",Driver capacity fell short during a peak or disrupted delivery window.,reroute_fleet_capacity,fleet_ops,fleet_manager,city_ops_manager
A-357,work_item,357,driver_shortage_peak_window,SLA Sentinel,high,2026-03-28T12:23:00+05:30,,388.93,,driver_shortage_loss,"{""delay_minutes"": 11, ""basket_value_inr"": 321.29, ""cancelled"": false, ""reason"": ""rain""}",Driver capacity fell short during a peak or disrupted delivery window.,reroute_fleet_capacity,fleet_ops,fleet_manager,city_ops_manager
A-359,work_item,359,driver_shortage_peak_window,SLA Sentinel,high,2026-03-28T12:04:00+05:30,,490.38,,driver_shortage_loss,"{""delay_minutes"": 16, ""basket_value_inr"": 414.33, ""cancelled"": false, ""reason"": ""store_backlog""}",Driver capacity fell short during a peak or disrupted delivery window.,reroute_fleet_capacity,fleet_ops,fleet_manager,city_ops_manager
A-360,work_item,360,driver_shortage_peak_window,SLA Sentinel,high,2026-03-28T12:31:00+05:30,,480.32,,driver_shortage_loss,"{""delay_minutes"": 17, ""basket_value_inr"": 480.03, ""cancelled"": false, ""reason"": ""store_backlog""}",Driver capacity fell short during a peak or disrupted delivery window.,reroute_fleet_capacity,fleet_ops,fleet_manager,city_ops_manager
A-361,work_item,361,driver_shortage_peak_window,SLA Sentinel,high,2026-03-28T12:12:00+05:30,,290.09,,driver_shortage_loss,"{""delay_minutes"": 13, ""basket_value_inr"": 305.0, ""cancelled"": false, ""reason"": ""store_backlog""}",Driver capacity fell short during a peak or disrupted delivery window.,reroute_fleet_capacity,fleet_ops,fleet_manager,city_ops_manager
A-362,work_item,362,driver_shortage_peak_window,SLA Sentinel,critical,2026-03-28T12:20:00+05:30,2026-03-28T16:30:00+05:30,420.1,126.64,driver_shortage_loss,"{""delay_minutes"": 14, ""basket_value_inr"": 280.35, ""cancelled"": true, ""reason"": ""traffic""}",Driver capacity fell short during a peak or disrupted delivery window.,reroute_fleet_capacity,fleet_ops,fleet_manager,city_ops_manager
A-363,work_item,363,driver_shortage_peak_window,SLA Sentinel,high,2026-03-28T12:34:00+05:30,,300.79,,driver_shortage_loss,"{""delay_minutes"": 14, ""basket_value_inr"": 197.66, ""cancelled"": false, ""reason"": ""rider_shortage""}",Driver capacity fell short during a peak or disrupted delivery window.,reroute_fleet_capacity,fleet_ops,fleet_manager,city_ops_manager
A-366,work_item,366,driver_shortage_peak_window,SLA Sentinel,high,2026-03-28T12:10:00+05:30,,218.08,,driver_shortage_loss,"{""delay_minutes"": 11, ""basket_value_inr"": 243.02, ""cancelled"": false, ""reason"": ""store_backlog""}",Driver capacity fell short during a peak or disrupted delivery window.,reroute_fleet_capacity,fleet_ops,fleet_manager,city_ops_manager
A-367,work_item,367,driver_shortage_peak_window,SLA Sentinel,critical,2026-03-28T12:04:00+05:30,,335.82,,driver_shortage_loss,"{""delay_minutes"": 15, ""basket_value_inr"": 251.95, ""cancelled"": true, ""reason"": ""rider_shortage""}",Driver capacity fell short during a peak or disrupted delivery window.,reroute_fleet_capacity,fleet_ops,fleet_manager,city_ops_manager
A-368,work_item,368,driver_shortage_peak_window,SLA Sentinel,high,2026-03-27T12:27:00+05:30,,626.9,,driver_shortage_loss,"{""delay_minutes"": 11, ""basket_value_inr"": 520.28, ""cancelled"": false, ""reason"": ""traffic""}",Driver capacity fell short during a peak or disrupted delivery window.,reroute_fleet_capacity,fleet_ops,fleet_manager,city_ops_manager
A-369,work_item,369,driver_shortage_peak_window,SLA Sentinel,critical,2026-03-27T12:39:00+05:30,2026-03-27T14:12:00+05:30,564.07,322.9,driver_shortage_loss,"{""delay_minutes"": 17, ""basket_value_inr"": 508.9, ""cancelled"": true, ""reason"": ""delivery_delay""}",Driver capacity fell short during a peak or disrupted delivery window.,reroute_fleet_capacity,fleet_ops,fleet_manager,city_ops_manager
A-370,work_item,370,driver_shortage_peak_window,SLA Sentinel,critical,2026-03-28T12:11:00+05:30,2026-03-28T14:06:00+05:30,78.7,35.65,driver_shortage_loss,"{""delay_minutes"": 19, ""basket_value_inr"": 90, ""cancelled"": true, ""reason"": ""rain""}",Driver capacity fell short during a peak or disrupted delivery window.,reroute_fleet_capacity,fleet_ops,fleet_manager,city_ops_manager
A-371,work_item,371,driver_shortage_peak_window,SLA Sentinel,critical,2026-03-28T12:15:00+05:30,,763.34,,driver_shortage_loss,"{""delay_minutes"": 13, ""basket_value_inr"": 504.28, ""cancelled"": true, ""reason"": ""traffic""}",Driver capacity fell short during a peak or disrupted delivery window.,reroute_fleet_capacity,fleet_ops,fleet_manager,city_ops_manager
A-372,work_item,372,driver_shortage_peak_window,SLA Sentinel,high,2026-03-27T12:23:00+05:30,,257.08,,driver_shortage_loss,"{""delay_minutes"": 14, ""basket_value_inr"": 256.73, ""cancelled"": false, ""reason"": ""rider_shortage""}",Driver capacity fell short during a peak or disrupted delivery window.,reroute_fleet_capacity,fleet_ops,fleet_manager,city_ops_manager
A-373,work_item,373,driver_shortage_peak_window,SLA Sentinel,high,2026-03-28T12:05:00+05:30,,743.57,,driver_shortage_loss,"{""delay_minutes"": 12, ""basket_value_inr"": 610.62, ""cancelled"": false, ""reason"": ""rain""}",Driver capacity fell short during a peak or disrupted delivery window.,reroute_fleet_capacity,fleet_ops,fleet_manager,city_ops_manager
A-377,work_item,377,driver_shortage_peak_window,SLA Sentinel,high,2026-03-27T12:33:00+05:30,,99.26,,driver_shortage_loss,"{""delay_minutes"": 14, ""basket_value_inr"": 127.02, ""cancelled"": false, ""reason"": ""store_backlog""}",Driver capacity fell short during a peak or disrupted delivery window.,reroute_fleet_capacity,fleet_ops,fleet_manager,city_ops_manager
A-378,work_item,378,driver_shortage_peak_window,SLA Sentinel,high,2026-03-28T12:23:00+05:30,,439.88,,driver_shortage_loss,"{""delay_minutes"": 15, ""basket_value_inr"": 447.51, ""cancelled"": false, ""reason"": ""rain""}",Driver capacity fell short during a peak or disrupted delivery window.,reroute_fleet_capacity,fleet_ops,fleet_manager,city_ops_manager
A-379,work_item,379,driver_shortage_peak_window,SLA Sentinel,high,2026-03-28T12:35:00+05:30,,406.82,,driver_shortage_loss,"{""delay_minutes"": 16, ""basket_value_inr"": 290.65, ""cancelled"": false, ""reason"": ""store_backlog""}",Driver capacity fell short during a peak or disrupted delivery window.,reroute_fleet_capacity,fleet_ops,fleet_manager,city_ops_manager
A-381,work_item,381,driver_shortage_peak_window,SLA Sentinel,high,2026-03-28T12:38:00+05:30,,155.14,,driver_shortage_loss,"{""delay_minutes"": 15, ""basket_value_inr"": 165.76, ""cancelled"": false, ""reason"": ""store_backlog""}",Driver capacity fell short during a peak or disrupted delivery window.,reroute_fleet_capacity,fleet_ops,fleet_manager,city_ops_manager
A-385,work_item,385,driver_shortage_peak_window,SLA Sentinel,high,2026-03-28T12:16:00+05:30,,838.87,,driver_shortage_loss,"{""delay_minutes"": 11, ""basket_value_inr"": 578.55, ""cancelled"": false, ""reason"": ""store_backlog""}",Driver capacity fell short during a peak or disrupted delivery window.,reroute_fleet_capacity,fleet_ops,fleet_manager,city_ops_manager
A-387,work_item,387,driver_shortage_peak_window,SLA Sentinel,high,2026-03-27T12:16:00+05:30,,822.34,,driver_shortage_loss,"{""delay_minutes"": 16, ""basket_value_inr"": 908.5, ""cancelled"": false, ""reason"": ""traffic""}",Driver capacity fell short during a peak or disrupted delivery window.,reroute_fleet_capacity,fleet_ops,fleet_manager,city_ops_manager
A-389,work_item,389,driver_shortage_peak_window,SLA Sentinel,high,2026-03-28T12:02:00+05:30,,1111.99,,driver_shortage_loss,"{""delay_minutes"": 12, ""basket_value_inr"": 735.93, ""cancelled"": false, ""reason"": ""rain""}",Driver capacity fell short during a peak or disrupted delivery window.,reroute_fleet_capacity,fleet_ops,fleet_manager,city_ops_manager
A-390,work_item,390,driver_shortage_peak_window,SLA Sentinel,high,2026-03-28T12:45:00+05:30,,811.6,,driver_shortage_loss,"{""delay_minutes"": 13, ""basket_value_inr"": 731.26, ""cancelled"": false, ""reason"": ""rider_shortage""}",Driver capacity fell short during a peak or disrupted delivery window.,reroute_fleet_capacity,fleet_ops,fleet_manager,city_ops_manager
A-391,work_item,391,driver_shortage_peak_window,SLA Sentinel,high,2026-03-28T12:05:00+05:30,,750.29,,driver_shortage_loss,"{""delay_minutes"": 14, ""basket_value_inr"": 496.25, ""cancelled"": false, ""reason"": ""rain""}",Driver capacity fell short during a peak or disrupted delivery window.,reroute_fleet_capacity,fleet_ops,fleet_manager,city_ops_manager
A-392,work_item,392,driver_shortage_peak_window,SLA Sentinel,high,2026-03-28T12:20:00+05:30,,964.81,,driver_shortage_loss,"{""delay_minutes"": 11, ""basket_value_inr"": 709.42, ""cancelled"": false, ""reason"": ""rider_shortage""}",Driver capacity fell short during a peak or disrupted delivery window.,reroute_fleet_capacity,fleet_ops,fleet_manager,city_ops_manager
A-393,work_item,393,driver_shortage_peak_window,SLA Sentinel,critical,2026-03-27T12:40:00+05:30,2026-03-27T16:31:00+05:30,95.95,56.69,driver_shortage_loss,"{""delay_minutes"": 13, ""basket_value_inr"": 90, ""cancelled"": true, ""reason"": ""delivery_delay""}",Driver capacity fell short during a peak or disrupted delivery window.,reroute_fleet_capacity,fleet_ops,fleet_manager,city_ops_manager
A-394,work_item,394,driver_shortage_peak_window,SLA Sentinel,high,2026-03-28T12:33:00+05:30,,2319.76,,driver_shortage_loss,"{""delay_minutes"": 11, ""basket_value_inr"": 1687.86, ""cancelled"": false, ""reason"": ""store_backlog""}",Driver capacity fell short during a peak or disrupted delivery window.,reroute_fleet_capacity,fleet_ops,fleet_manager,city_ops_manager
A-401,work_item,401,driver_shortage_peak_window,SLA Sentinel,critical,2026-03-28T12:19:00+05:30,2026-03-28T15:38:00+05:30,1300.34,749.13,driver_shortage_loss,"{""delay_minutes"": 12, ""basket_value_inr"": 998.4, ""cancelled"": true, ""reason"": ""delivery_delay""}",Driver capacity fell short during a peak or disrupted delivery window.,reroute_fleet_capacity,fleet_ops,fleet_manager,city_ops_manager
A-403,work_item,403,driver_shortage_peak_window,SLA Sentinel,high,2026-03-27T12:13:00+05:30,,208.02,,driver_shortage_loss,"{""delay_minutes"": 13, ""basket_value_inr"": 188.42, ""cancelled"": false, ""reason"": ""store_backlog""}",Driver capacity fell short during a peak or disrupted delivery window.,reroute_fleet_capacity,fleet_ops,fleet_manager,city_ops_manager
A-404,work_item,404,driver_shortage_peak_window,SLA Sentinel,critical,2026-03-27T12:21:00+05:30,2026-03-27T16:34:00+05:30,80.58,44.83,driver_shortage_loss,"{""delay_minutes"": 10, ""basket_value_inr"": 90, ""cancelled"": true, ""reason"": ""traffic""}",Driver capacity fell short during a peak or disrupted delivery window.,reroute_fleet_capacity,fleet_ops,fleet_manager,city_ops_manager
A-406,work_item,406,driver_shortage_peak_window,SLA Sentinel,high,2026-03-28T12:32:00+05:30,,262.58,,driver_shortage_loss,"{""delay_minutes"": 11, ""basket_value_inr"": 276.41, ""cancelled"": false, ""reason"": ""store_backlog""}",Driver capacity fell short during a peak or disrupted delivery window.,reroute_fleet_capacity,fleet_ops,fleet_manager,city_ops_manager
A-407,work_item,407,driver_shortage_peak_window,SLA Sentinel,high,2026-03-27T12:39:00+05:30,,429.92,,driver_shortage_loss,"{""delay_minutes"": 11, ""basket_value_inr"": 338.69, ""cancelled"": false, ""reason"": ""inventory_substitution""}",Driver capacity fell short during a peak or disrupted delivery window.,reroute_fleet_capacity,fleet_ops,fleet_manager,city_ops_manager
A-408,work_item,408,driver_shortage_peak_window,SLA Sentinel,critical,2026-03-28T12:31:00+05:30,2026-03-28T15:11:00+05:30,1071.85,343.07,driver_shortage_loss,"{""delay_minutes"": 16, ""basket_value_inr"": 1272.85, ""cancelled"": true, ""reason"": ""traffic""}",Driver capacity fell short during a peak or disrupted delivery window.,reroute_fleet_capacity,fleet_ops,fleet_manager,city_ops_manager
A-411,work_item,411,driver_shortage_peak_window,SLA Sentinel,critical,2026-03-27T12:21:00+05:30,2026-03-27T16:45:00+05:30,485.11,113.71,driver_shortage_loss,"{""delay_minutes"": 16, ""basket_value_inr"": 487.13, ""cancelled"": true, ""reason"": ""traffic""}",Driver capacity fell short during a peak or disrupted delivery window.,reroute_fleet_capacity,fleet_ops,fleet_manager,city_ops_manager
A-413,work_item,413,driver_shortage_peak_window,SLA Sentinel,critical,2026-03-28T12:03:00+05:30,,574.8,,driver_shortage_loss,"{""delay_minutes"": 8, ""basket_value_inr"": 378.11, ""cancelled"": true, ""reason"": ""traffic""}",Driver capacity fell short during a peak or disrupted delivery window.,reroute_fleet_capacity,fleet_ops,fleet_manager,city_ops_manager
A-414,work_item,414,driver_shortage_peak_window,SLA Sentinel,high,2026-03-28T12:43:00+05:30,,437.05,,driver_shortage_loss,"{""delay_minutes"": 14, ""basket_value_inr"": 495.02, ""cancelled"": false, ""reason"": ""rider_shortage""}",Driver capacity fell short during a peak or disrupted delivery window.,reroute_fleet_capacity,fleet_ops,fleet_manager,city_ops_manager
A-415,work_item,415,driver_shortage_peak_window,SLA Sentinel,critical,2026-03-28T12:12:00+05:30,,275.78,,driver_shortage_loss,"{""delay_minutes"": 18, ""basket_value_inr"": 270.36, ""cancelled"": true, ""reason"": ""traffic""}",Driver capacity fell short during a peak or disrupted delivery window.,reroute_fleet_capacity,fleet_ops,fleet_manager,city_ops_manager
A-416,work_item,416,driver_shortage_peak_window,SLA Sentinel,high,2026-03-27T12:39:00+05:30,,225.91,,driver_shortage_loss,"{""delay_minutes"": 16, ""basket_value_inr"": 187.17, ""cancelled"": false, ""reason"": ""rider_shortage""}",Driver capacity fell short during a peak or disrupted delivery window.,reroute_fleet_capacity,fleet_ops,fleet_manager,city_ops_manager
A-422,work_item,422,driver_shortage_peak_window,SLA Sentinel,critical,2026-03-27T12:40:00+05:30,2026-03-27T15:29:00+05:30,1148.41,499.78,driver_shortage_loss,"{""delay_minutes"": 18, ""basket_value_inr"": 845.88, ""cancelled"": true, ""reason"": ""traffic""}",Driver capacity fell short during a peak or disrupted delivery window.,reroute_fleet_capacity,fleet_ops,fleet_manager,city_ops_manager
A-423,work_item,423,driver_shortage_peak_window,SLA Sentinel,high,2026-03-28T12:18:00+05:30,,411.2,,driver_shortage_loss,"{""delay_minutes"": 11, ""basket_value_inr"": 315.78, ""cancelled"": false, ""reason"": ""rain""}",Driver capacity fell short during a peak or disrupted delivery window.,reroute_fleet_capacity,fleet_ops,fleet_manager,city_ops_manager
A-424,work_item,424,driver_shortage_peak_window,SLA Sentinel,critical,2026-03-27T12:19:00+05:30,2026-03-27T15:44:00+05:30,764.11,397.16,driver_shortage_loss,"{""delay_minutes"": 10, ""basket_value_inr"": 487.8, ""cancelled"": true, ""reason"": ""inventory_substitution""}",Driver capacity fell short during a peak or disrupted delivery window.,reroute_fleet_capacity,fleet_ops,fleet_manager,city_ops_manager
A-426,work_item,426,driver_shortage_peak_window,SLA Sentinel,high,2026-03-28T12:38:00+05:30,,713.52,,driver_shortage_loss,"{""delay_minutes"": 13, ""basket_value_inr"": 491.88, ""cancelled"": false, ""reason"": ""rain""}",Driver capacity fell short during a peak or disrupted delivery window.,reroute_fleet_capacity,fleet_ops,fleet_manager,city_ops_manager
A-428,work_item,428,driver_shortage_peak_window,SLA Sentinel,high,2026-03-28T12:35:00+05:30,,249.16,,driver_shortage_loss,"{""delay_minutes"": 17, ""basket_value_inr"": 250.28, ""cancelled"": false, ""reason"": ""rain""}",Driver capacity fell short during a peak or disrupted delivery window.,reroute_fleet_capacity,fleet_ops,fleet_manager,city_ops_manager
A-433,work_item,433,driver_shortage_peak_window,SLA Sentinel,high,2026-03-27T12:43:00+05:30,,392.74,,driver_shortage_loss,"{""delay_minutes"": 13, ""basket_value_inr"": 355.35, ""cancelled"": false, ""reason"": ""rider_shortage""}",Driver capacity fell short during a peak or disrupted delivery window.,reroute_fleet_capacity,fleet_ops,fleet_manager,city_ops_manager
A-436,work_item,436,driver_shortage_peak_window,SLA Sentinel,high,2026-03-27T12:43:00+05:30,,281.23,,driver_shortage_loss,"{""delay_minutes"": 14, ""basket_value_inr"": 216.7, ""cancelled"": false, ""reason"": ""store_backlog""}",Driver capacity fell short during a peak or disrupted delivery window.,reroute_fleet_capacity,fleet_ops,fleet_manager,city_ops_manager
A-437,work_item,437,driver_shortage_peak_window,SLA Sentinel,high,2026-03-28T12:33:00+05:30,,1712.82,,driver_shortage_loss,"{""delay_minutes"": 18, ""basket_value_inr"": 1106.83, ""cancelled"": false, ""reason"": ""store_backlog""}",Driver capacity fell short during a peak or disrupted delivery window.,reroute_fleet_capacity,fleet_ops,fleet_manager,city_ops_manager
A-438,work_item,438,driver_shortage_peak_window,SLA Sentinel,high,2026-03-28T12:11:00+05:30,,1270.48,,driver_shortage_loss,"{""delay_minutes"": 14, ""basket_value_inr"": 757.52, ""cancelled"": false, ""reason"": ""store_backlog""}",Driver capacity fell short during a peak or disrupted delivery window.,reroute_fleet_capacity,fleet_ops,fleet_manager,city_ops_manager
A-440,work_item,440,driver_shortage_peak_window,SLA Sentinel,high,2026-03-28T12:38:00+05:30,,2075.46,,driver_shortage_loss,"{""delay_minutes"": 12, ""basket_value_inr"": 1427.63, ""cancelled"": false, ""reason"": ""rain""}",Driver capacity fell short during a peak or disrupted delivery window.,reroute_fleet_capacity,fleet_ops,fleet_manager,city_ops_manager
A-445,work_item,445,driver_shortage_peak_window,SLA Sentinel,high,2026-03-28T12:39:00+05:30,,365.51,,driver_shortage_loss,"{""delay_minutes"": 11, ""basket_value_inr"": 444.85, ""cancelled"": false, ""reason"": ""store_backlog""}",Driver capacity fell short during a peak or disrupted delivery window.,reroute_fleet_capacity,fleet_ops,fleet_manager,city_ops_manager
A-446,work_item,446,driver_shortage_peak_window,SLA Sentinel,high,2026-03-27T12:35:00+05:30,,385.82,,driver_shortage_loss,"{""delay_minutes"": 12, ""basket_value_inr"": 395.18, ""cancelled"": false, ""reason"": ""store_backlog""}",Driver capacity fell short during a peak or disrupted delivery window.,reroute_fleet_capacity,fleet_ops,fleet_manager,city_ops_manager
A-447,work_item,447,driver_shortage_peak_window,SLA Sentinel,critical,2026-03-27T12:25:00+05:30,,309.62,,driver_shortage_loss,"{""delay_minutes"": 14, ""basket_value_inr"": 298.84, ""cancelled"": true, ""reason"": ""delivery_delay""}",Driver capacity fell short during a peak or disrupted delivery window.,reroute_fleet_capacity,fleet_ops,fleet_manager,city_ops_manager
A-448,work_item,448,driver_shortage_peak_window,SLA Sentinel,high,2026-03-28T12:04:00+05:30,,428.5,,driver_shortage_loss,"{""delay_minutes"": 13, ""basket_value_inr"": 297.78, ""cancelled"": false, ""reason"": ""rain""}",Driver capacity fell short during a peak or disrupted delivery window.,reroute_fleet_capacity,fleet_ops,fleet_manager,city_ops_manager
A-449,work_item,449,driver_shortage_peak_window,SLA Sentinel,high,2026-03-27T12:38:00+05:30,,651.76,,driver_shortage_loss,"{""delay_minutes"": 15, ""basket_value_inr"": 500.22, ""cancelled"": false, ""reason"": ""inventory_substitution""}",Driver capacity fell short during a peak or disrupted delivery window.,reroute_fleet_capacity,fleet_ops,fleet_manager,city_ops_manager
A-451,work_item,451,warehouse_pick_backlog,SLA Sentinel,high,2026-03-27T10:22:00+05:30,,10207.96,,sla_penalty,"{""planned_pickers"": 8, ""present_pickers"": 7, ""planned_packers"": 4, ""present_packers"": 2}",Store staffing fell behind required picking and packing load during an active demand window.,shift_store_staffing,dark_store_ops,dark_store_manager,city_ops_manager
A-452,work_item,452,warehouse_pick_backlog,SLA Sentinel,medium,2026-03-27T10:16:00+05:30,2026-03-27T19:05:34.468918+05:30,7066.07,978.95,sla_penalty,"{""planned_pickers"": 7, ""present_pickers"": 6, ""planned_packers"": 5, ""present_packers"": 4}",Store staffing fell behind required picking and packing load during an active demand window.,shift_store_staffing,dark_store_ops,dark_store_manager,city_ops_manager
A-453,work_item,453,cold_chain_breach_risk,SLA Sentinel,high,2026-03-28T08:32:00+05:30,,35210.78,,cold_chain_loss,"{""cold_storage_units"": 161, ""active_cold_storage_units"": 170}",Cold storage or perishables handling exceeded safe operational thresholds.,escalate_cold_chain_incident,inventory_control,inventory_lead,city_ops_manager
A-454,work_item,454,warehouse_pick_backlog,SLA Sentinel,high,2026-03-28T10:14:00+05:30,2026-03-28T12:50:05.680641+05:30,16610.26,2479.33,sla_penalty,"{""planned_pickers"": 13, ""present_pickers"": 9, ""planned_packers"": 7, ""present_packers"": 5}",Store staffing fell behind required picking and packing load during an active demand window.,shift_store_staffing,dark_store_ops,dark_store_manager,city_ops_manager
A-455,work_item,455,warehouse_pick_backlog,SLA Sentinel,high,2026-03-28T10:36:00+05:30,2026-03-28T14:10:16.525742+05:30,8044.26,1595.3,sla_penalty,"{""planned_pickers"": 13, ""present_pickers"": 9, ""planned_packers"": 7, ""present_packers"": 5}",Store staffing fell behind required picking and packing load during an active demand window.,shift_store_staffing,dark_store_ops,dark_store_manager,city_ops_manager
A-456,work_item,456,warehouse_pick_backlog,SLA Sentinel,medium,2026-03-28T10:17:00+05:30,,10121.58,,sla_penalty,"{""planned_pickers"": 14, ""present_pickers"": 12, ""planned_packers"": 10, ""present_packers"": 9}",Store staffing fell behind required picking and packing load during an active demand window.,shift_store_staffing,dark_store_ops,dark_store_manager,city_ops_manager
A-457,work_item,457,warehouse_pick_backlog,SLA Sentinel,medium,2026-03-28T10:34:00+05:30,,12358.45,,sla_penalty,"{""planned_pickers"": 11, ""present_pickers"": 10, ""planned_packers"": 8, ""present_packers"": 6}",Store staffing fell behind required picking and packing load during an active demand window.,shift_store_staffing,dark_store_ops,dark_store_manager,city_ops_manager
A-237,invoice,18,validated_units_mismatch,ProcureWatch,medium,2026-03-29T09:00:00+05:30,,4353.92,,validated_unit_gap,"{""service_unit_count"": 51, ""validated_unit_count"": 47, ""billed_rate_inr"": 1088.48, ""contracted_rate_inr"": 1088.48}",Vendor billing drifted from the contracted baseline or exceeded validated operational evidence.,raise_vendor_dispute,finance_control,finance_analyst,finance_controller
A-238,invoice,28,validated_units_mismatch,ProcureWatch,medium,2026-03-29T09:00:00+05:30,,7619.36,,validated_unit_gap,"{""service_unit_count"": 60, ""validated_unit_count"": 53, ""billed_rate_inr"": 1088.48, ""contracted_rate_inr"": 1088.48}",Vendor billing drifted from the contracted baseline or exceeded validated operational evidence.,raise_vendor_dispute,finance_control,finance_analyst,finance_controller
A-239,invoice,37,contract_rate_drift,ProcureWatch,high,2026-03-29T09:00:00+05:30,,655.54,,invoice_leakage,"{""service_unit_count"": 449, ""validated_unit_count"": 449, ""billed_rate_inr"": 8.44, ""contracted_rate_inr"": 6.98}",Vendor billing drifted from the contracted baseline or exceeded validated operational evidence.,open_procurement_review,procurement,procurement_manager,finance_controller
A-240,invoice,38,validated_units_mismatch,ProcureWatch,medium,2026-03-29T09:00:00+05:30,,4353.92,,validated_unit_gap,"{""service_unit_count"": 48, ""validated_unit_count"": 44, ""billed_rate_inr"": 1088.48, ""contracted_rate_inr"": 1088.48}",Vendor billing drifted from the contracted baseline or exceeded validated operational evidence.,raise_vendor_dispute,finance_control,finance_analyst,finance_controller
A-241,invoice,53,contract_rate_drift,ProcureWatch,high,2026-03-29T09:00:00+05:30,,8586.5,,invoice_leakage,"{""service_unit_count"": 50, ""validated_unit_count"": 50, ""billed_rate_inr"": 1109.67, ""contracted_rate_inr"": 937.94}",Vendor billing drifted from the contracted baseline or exceeded validated operational evidence.,open_procurement_review,procurement,procurement_manager,finance_controller
A-242,invoice,57,contract_rate_drift,ProcureWatch,high,2026-03-29T09:00:00+05:30,,979.56,,invoice_leakage,"{""service_unit_count"": 907, ""validated_unit_count"": 907, ""billed_rate_inr"": 7.55, ""contracted_rate_inr"": 6.47}",Vendor billing drifted from the contracted baseline or exceeded validated operational evidence.,open_procurement_review,procurement,procurement_manager,finance_controller
A-243,invoice,81,validated_units_mismatch,ProcureWatch,medium,2026-03-29T09:00:00+05:30,,4228.34,,validated_unit_gap,"{""service_unit_count"": 782, ""validated_unit_count"": 676, ""billed_rate_inr"": 39.89, ""contracted_rate_inr"": 39.89}",Vendor billing drifted from the contracted baseline or exceeded validated operational evidence.,raise_vendor_dispute,finance_control,finance_analyst,finance_controller
A-244,invoice,83,contract_rate_drift,ProcureWatch,high,2026-03-29T09:00:00+05:30,,6379.5,,invoice_leakage,"{""service_unit_count"": 75, ""validated_unit_count"": 75, ""billed_rate_inr"": 1023.0, ""contracted_rate_inr"": 937.94}",Vendor billing drifted from the contracted baseline or exceeded validated operational evidence.,open_procurement_review,procurement,procurement_manager,finance_controller
A-245,invoice,87,contract_rate_drift,ProcureWatch,high,2026-03-29T09:00:00+05:30,,441.66,,invoice_leakage,"{""service_unit_count"": 433, ""validated_unit_count"": 433, ""billed_rate_inr"": 7.49, ""contracted_rate_inr"": 6.47}",Vendor billing drifted from the contracted baseline or exceeded validated operational evidence.,open_procurement_review,procurement,procurement_manager,finance_controller
A-246,invoice,88,contract_rate_drift,ProcureWatch,high,2026-03-29T09:00:00+05:30,,3415.44,,invoice_leakage,"{""service_unit_count"": 38, ""validated_unit_count"": 38, ""billed_rate_inr"": 1027.82, ""contracted_rate_inr"": 937.94}",Vendor billing drifted from the contracted baseline or exceeded validated operational evidence.,open_procurement_review,procurement,procurement_manager,finance_controller
A-247,invoice,123,contract_rate_drift,ProcureWatch,high,2026-03-29T09:00:00+05:30,,7698.91,,invoice_leakage,"{""service_unit_count"": 59, ""validated_unit_count"": 59, ""billed_rate_inr"": 1218.97, ""contracted_rate_inr"": 1088.48}",Vendor billing drifted from the contracted baseline or exceeded validated operational evidence.,open_procurement_review,procurement,procurement_manager,finance_controller
A-248,invoice,128,contract_rate_drift,ProcureWatch,high,2026-03-29T09:00:00+05:30,,15171.48,,invoice_leakage,"{""service_unit_count"": 67, ""validated_unit_count"": 67, ""billed_rate_inr"": 1314.92, ""contracted_rate_inr"": 1088.48}",Vendor billing drifted from the contracted baseline or exceeded validated operational evidence.,open_procurement_review,procurement,procurement_manager,finance_controller
A-249,invoice,136,validated_units_mismatch,ProcureWatch,medium,2026-03-29T09:00:00+05:30,,1787.0,,validated_unit_gap,"{""service_unit_count"": 408, ""validated_unit_count"": 358, ""billed_rate_inr"": 35.74, ""contracted_rate_inr"": 35.74}",Vendor billing drifted from the contracted baseline or exceeded validated operational evidence.,raise_vendor_dispute,finance_control,finance_analyst,finance_controller
A-250,invoice,171,duplicate_vendor_invoice,ProcureWatch,high,2026-03-29T11:00:00+05:30,,72221.38,,duplicate_invoice_amount,"{""original_invoice_id"": 93, ""duplicate_invoice_id"": 171, ""amount_inr"": 72221.38}",A duplicate vendor invoice entered the payable queue for the same store and billing period.,hold_vendor_payment,finance_control,finance_controller,finance_controller
A-251,invoice,172,duplicate_vendor_invoice,ProcureWatch,high,2026-03-29T11:00:00+05:30,,43539.2,,duplicate_invoice_amount,"{""original_invoice_id"": 138, ""duplicate_invoice_id"": 172, ""amount_inr"": 43539.2}",A duplicate vendor invoice entered the payable queue for the same store and billing period.,hold_vendor_payment,finance_control,finance_controller,finance_controller
A-252,invoice,173,duplicate_vendor_invoice,ProcureWatch,high,2026-03-29T11:00:00+05:30,,7469.66,,duplicate_invoice_amount,"{""original_invoice_id"": 96, ""duplicate_invoice_id"": 173, ""amount_inr"": 7469.66}",A duplicate vendor invoice entered the payable queue for the same store and billing period.,hold_vendor_payment,finance_control,finance_controller,finance_controller
A-253,invoice,174,duplicate_vendor_invoice,ProcureWatch,high,2026-03-29T11:00:00+05:30,,5507.22,,duplicate_invoice_amount,"{""original_invoice_id"": 82, ""duplicate_invoice_id"": 174, ""amount_inr"": 5507.22}",A duplicate vendor invoice entered the payable queue for the same store and billing period.,hold_vendor_payment,finance_control,finance_controller,finance_controller
A-254,invoice,175,duplicate_vendor_invoice,ProcureWatch,high,2026-03-29T11:00:00+05:30,,4716.63,,duplicate_invoice_amount,"{""original_invoice_id"": 62, ""duplicate_invoice_id"": 175, ""amount_inr"": 4716.63}",A duplicate vendor invoice entered the payable queue for the same store and billing period.,hold_vendor_payment,finance_control,finance_controller,finance_controller
A-255,invoice,176,duplicate_vendor_invoice,ProcureWatch,high,2026-03-29T11:00:00+05:30,,53335.52,,duplicate_invoice_amount,"{""original_invoice_id"": 58, ""duplicate_invoice_id"": 176, ""amount_inr"": 53335.52}",A duplicate vendor invoice entered the payable queue for the same store and billing period.,hold_vendor_payment,finance_control,finance_controller,finance_controller
A-256,invoice,177,duplicate_vendor_invoice,ProcureWatch,high,2026-03-29T11:00:00+05:30,,3687.9,,duplicate_invoice_amount,"{""original_invoice_id"": 22, ""duplicate_invoice_id"": 177, ""amount_inr"": 3687.9}",A duplicate vendor invoice entered the payable queue for the same store and billing period.,hold_vendor_payment,finance_control,finance_controller,finance_controller
A-257,invoice,178,duplicate_vendor_invoice,ProcureWatch,high,2026-03-29T11:00:00+05:30,,68469.62,,duplicate_invoice_amount,"{""original_invoice_id"": 63, ""duplicate_invoice_id"": 178, ""amount_inr"": 68469.62}",A duplicate vendor invoice entered the payable queue for the same store and billing period.,hold_vendor_payment,finance_control,finance_controller,finance_controller
A-258,invoice,179,duplicate_vendor_invoice,ProcureWatch,high,2026-03-29T11:00:00+05:30,,29438.82,,duplicate_invoice_amount,"{""original_invoice_id"": 41, ""duplicate_invoice_id"": 179, ""amount_inr"": 29438.82}",A duplicate vendor invoice entered the payable queue for the same store and billing period.,hold_vendor_payment,finance_control,finance_controller,finance_controller
A-259,invoice,180,duplicate_vendor_invoice,ProcureWatch,high,2026-03-29T11:00:00+05:30,,23495.21,,duplicate_invoice_amount,"{""original_invoice_id"": 106, ""duplicate_invoice_id"": 180, ""amount_inr"": 23495.21}",A duplicate vendor invoice entered the payable queue for the same store and billing period.,hold_vendor_payment,finance_control,finance_controller,finance_controller
A-260,invoice,181,duplicate_vendor_invoice,ProcureWatch,high,2026-03-29T11:00:00+05:30,,25569.49,,duplicate_invoice_amount,"{""original_invoice_id"": 26, ""duplicate_invoice_id"": 181, ""amount_inr"": 25569.49}",A duplicate vendor invoice entered the payable queue for the same store and billing period.,hold_vendor_payment,finance_control,finance_controller,finance_controller
A-261,invoice,182,duplicate_vendor_invoice,ProcureWatch,high,2026-03-29T11:00:00+05:30,,80547.52,,duplicate_invoice_amount,"{""original_invoice_id"": 73, ""duplicate_invoice_id"": 182, ""amount_inr"": 80547.52}",A duplicate vendor invoice entered the payable queue for the same store and billing period.,hold_vendor_payment,finance_control,finance_controller,finance_controller
A-262,invoice,183,duplicate_vendor_invoice,ProcureWatch,high,2026-03-29T11:00:00+05:30,,88099.64,,duplicate_invoice_amount,"{""original_invoice_id"": 128, ""duplicate_invoice_id"": 183, ""amount_inr"": 88099.64}",A duplicate vendor invoice entered the payable queue for the same store and billing period.,hold_vendor_payment,finance_control,finance_controller,finance_controller
A-263,invoice,184,duplicate_vendor_invoice,ProcureWatch,high,2026-03-29T11:00:00+05:30,,5894.17,,duplicate_invoice_amount,"{""original_invoice_id"": 17, ""duplicate_invoice_id"": 184, ""amount_inr"": 5894.17}",A duplicate vendor invoice entered the payable queue for the same store and billing period.,hold_vendor_payment,finance_control,finance_controller,finance_controller
